{"type":"FeatureCollection","features":[{"type":"Feature","properties":{"LSOA code (2021)":"E01007418","LSOA name (2021)":"Barnsley 016A","Local Authority District code (2024)":"E08000016","Local Authority District name (2024)":"Barnsley","Index of Multiple Deprivation (IMD) Rank":22480,"Index of Multiple Deprivation (IMD) Decile":7,"Income Rank":26344,"Income Decile":8,"Employment Rank":25947,"Employment Decile":8,"Education Skills and Training Rank":28711,"Education Skills and Training Decile":9,"Health Deprivation and Disability Rank":17082,"Health Deprivation and Disability Decile":6,"Crime Rank":28081,"Crime Decile":9,"Barriers to Housing and Services Rank":7729,"Barriers to Housing and Services Decile":3,"Living Environment Rank":6273,"Living Environment Decile":2,"Income Deprivation Affecting Children Index (IDACI) Rank":23378,"Income Deprivation Affecting Children Index (IDACI) Decile":7,"Income Deprivation Affecting Older People (IDAOPI) Rank":26039,"Income Deprivation Affecting Older People (IDAOPI) Decile":8},"geometry":null},{"type":"Feature","properties":{"LSOA code (2021)":"E01007425","LSOA name (2021)":"Barnsley 016D","Local Authority District code (2024)":"E08000016","Local Authority District name (2024)":"Barnsley","Index of Multiple Deprivation (IMD) Rank":30348,"Index of Multiple Deprivation (IMD) Decile":9,"Income Rank":31296,"Income Decile":10,"Employment Rank":31524,"Employment Decile":10,"Education Skills and Training Rank":31699,"Education Skills and Training Decile":10,"Health Deprivation and Disability Rank":24828,"Health Deprivation and Disability Decile":8,"Crime Rank":26980,"Crime Decile":8,"Barriers to Housing and Services Rank":9940,"Barriers to Housing and Services Decile":3,"Living Environment Rank":25463,"Living Environment Decile":8,"Income Deprivation Affecting Children Index (IDACI) Rank":29741,"Income Deprivation Affecting Children Index (IDACI) Decile":9,"Income Deprivation Affecting Older People (IDAOPI) Rank":31581,"Income Deprivation Affecting Older People (IDAOPI) Decile":10},"geometry":null},{"type":"Feature","properties":{"LSOA code (2021)":"E01007359","LSOA name (2021)":"Barnsley 005C","Local Authority District code (2024)":"E08000016","Local Authority District name (2024)":"Barnsley","Index of Multiple Deprivation (IMD) Rank":10271,"Index of Multiple Deprivation (IMD) Decile":4,"Income Rank":9987,"Income Decile":3,"Employment Rank":9392,"Employment Decile":3,"Education Skills and Training Rank":10320,"Education Skills and Training Decile":4,"Health Deprivation and Disability Rank":5557,"Health Deprivation and Disability Decile":2,"Crime Rank":17464,"Crime Decile":6,"Barriers to Housing and Services Rank":14557,"Barriers to Housing and Services Decile":5,"Living Environment Rank":15602,"Living Environment Decile":5,"Income Deprivation Affecting Children Index (IDACI) Rank":11494,"Income Deprivation Affecting Children Index (IDACI) Decile":4,"Income Deprivation Affecting Older People (IDAOPI) Rank":10150,"Income Deprivation Affecting Older People (IDAOPI) Decile":4},"geometry":null},{"type":"Feature","properties":{"LSOA code (2021)":"E01007363","LSOA name (2021)":"Barnsley 004E","Local Authority District code (2024)":"E08000016","Local Authority District name (2024)":"Barnsley","Index of Multiple Deprivation (IMD) Rank":6612,"Index of Multiple Deprivation (IMD) Decile":2,"Income Rank":8426,"Income Decile":3,"Employment Rank":4904,"Employment Decile":2,"Education Skills and Training Rank":5719,"Education Skills and Training Decile":2,"Health Deprivation and Disability Rank":2250,"Health Deprivation and Disability Decile":1,"Crime Rank":9012,"Crime Decile":3,"Barriers to Housing and Services Rank":20167,"Barriers to Housing and Services Decile":6,"Living Environment Rank":30623,"Living Environment Decile":10,"Income Deprivation Affecting Children Index (IDACI) Rank":10558,"Income Deprivation Affecting Children Index (IDACI) Decile":4,"Income Deprivation Affecting Older People (IDAOPI) Rank":7908,"Income Deprivation Affecting Older People (IDAOPI) Decile":3},"geometry":null},{"type":"Feature","properties":{"LSOA code (2021)":"E01007355","LSOA name (2021)":"Barnsley 005A","Local Authority District code (2024)":"E08000016","Local Authority District name (2024)":"Barnsley","Index of Multiple Deprivation (IMD) Rank":25690,"Index of Multiple Deprivation (IMD) Decile":8,"Income Rank":26866,"Income Decile":8,"Employment Rank":22135,"Employment Decile":7,"Education Skills and Training Rank":26260,"Education Skills and Training Decile":8,"Health Deprivation and Disability Rank":11993,"Health Deprivation and Disability Decile":4,"Crime Rank":27316,"Crime Decile":9,"Barriers to Housing and Services Rank":17788,"Barriers to Housing and Services Decile":6,"Living Environment Rank":27961,"Living Environment Decile":9,"Income Deprivation Affecting Children Index (IDACI) Rank":27437,"Income Deprivation Affecting Children Index (IDACI) Decile":9,"Income Deprivation Affecting Older People (IDAOPI) Rank":24152,"Income Deprivation Affecting Older People (IDAOPI) Decile":8},"geometry":null},{"type":"Feature","properties":{"LSOA code (2021)":"E01007379","LSOA name (2021)":"Barnsley 012A","Local Authority District code (2024)":"E08000016","Local Authority District name (2024)":"Barnsley","Index of Multiple Deprivation (IMD) Rank":21619,"Index of Multiple Deprivation (IMD) Decile":7,"Income Rank":22742,"Income Decile":7,"Employment Rank":18803,"Employment Decile":6,"Education Skills and Training Rank":18893,"Education Skills and Training Decile":6,"Health Deprivation and Disability Rank":12310,"Health Deprivation and Disability Decile":4,"Crime Rank":21714,"Crime Decile":7,"Barriers to Housing and Services Rank":20595,"Barriers to Housing and Services Decile":7,"Living Environment Rank":20529,"Living Environment Decile":7,"Income Deprivation Affecting Children Index (IDACI) Rank":18245,"Income Deprivation Affecting Children Index (IDACI) Decile":6,"Income Deprivation Affecting Older People (IDAOPI) Rank":23746,"Income Deprivation Affecting Older People (IDAOPI) Decile":8},"geometry":null},{"type":"Feature","properties":{"LSOA code (2021)":"E01007419","LSOA name (2021)":"Barnsley 016B","Local Authority District code (2024)":"E08000016","Local Authority District name (2024)":"Barnsley","Index of Multiple Deprivation (IMD) Rank":27801,"Index of Multiple Deprivation (IMD) Decile":9,"Income Rank":30332,"Income Decile":9,"Employment Rank":28700,"Employment Decile":9,"Education Skills and Training Rank":31025,"Education Skills and Training Decile":10,"Health Deprivation and Disability Rank":16730,"Health Deprivation and Disability Decile":5,"Crime Rank":30000,"Crime Decile":9,"Barriers to Housing and Services Rank":9081,"Barriers to Housing and Services Decile":3,"Living Environment Rank":21405,"Living Environment Decile":7,"Income Deprivation Affecting Children Index (IDACI) Rank":30604,"Income Deprivation Affecting Children Index (IDACI) Decile":10,"Income Deprivation Affecting Older People (IDAOPI) Rank":25269,"Income Deprivation Affecting Older People (IDAOPI) Decile":8},"geometry":null},{"type":"Feature","properties":{"LSOA code (2021)":"E01007360","LSOA name (2021)":"Barnsley 005D","Local Authority District code (2024)":"E08000016","Local Authority District name (2024)":"Barnsley","Index of Multiple Deprivation (IMD) Rank":14151,"Index of Multiple Deprivation (IMD) Decile":5,"Income Rank":14556,"Income Decile":5,"Employment Rank":9807,"Employment Decile":3,"Education Skills and Training Rank":15728,"Education Skills and Training Decile":5,"Health Deprivation and Disability Rank":7702,"Health Deprivation and Disability Decile":3,"Crime Rank":15337,"Crime Decile":5,"Barriers to Housing and Services Rank":17770,"Barriers to Housing and Services Decile":6,"Living Environment Rank":27466,"Living Environment Decile":9,"Income Deprivation Affecting Children Index (IDACI) Rank":13913,"Income Deprivation Affecting Children Index (IDACI) Decile":5,"Income Deprivation Affecting Older People (IDAOPI) Rank":18348,"Income Deprivation Affecting Older People (IDAOPI) Decile":6},"geometry":null},{"type":"Feature","properties":{"LSOA code (2021)":"E01007358","LSOA name (2021)":"Barnsley 005B","Local Authority District code (2024)":"E08000016","Local Authority District name (2024)":"Barnsley","Index of Multiple Deprivation (IMD) Rank":19033,"Index of Multiple Deprivation (IMD) Decile":6,"Income Rank":19116,"Income Decile":6,"Employment Rank":17586,"Employment Decile":6,"Education Skills and Training Rank":22240,"Education Skills and Training Decile":7,"Health Deprivation and Disability Rank":12695,"Health Deprivation and Disability Decile":4,"Crime Rank":14919,"Crime Decile":5,"Barriers to Housing and Services Rank":20179,"Barriers to Housing and Services Decile":6,"Living Environment Rank":12873,"Living Environment Decile":4,"Income Deprivation Affecting Children Index (IDACI) Rank":19866,"Income Deprivation Affecting Children Index (IDACI) Decile":6,"Income Deprivation Affecting Older People (IDAOPI) Rank":19332,"Income Deprivation Affecting Older People (IDAOPI) Decile":6},"geometry":null},{"type":"Feature","properties":{"LSOA code (2021)":"E01007381","LSOA name (2021)":"Barnsley 012C","Local Authority District code (2024)":"E08000016","Local Authority District name (2024)":"Barnsley","Index of Multiple Deprivation (IMD) Rank":24848,"Index of Multiple Deprivation (IMD) Decile":8,"Income Rank":21575,"Income Decile":7,"Employment Rank":19722,"Employment Decile":6,"Education Skills and Training Rank":23804,"Education Skills and Training Decile":8,"Health Deprivation and Disability Rank":12582,"Health Deprivation and Disability Decile":4,"Crime Rank":25384,"Crime Decile":8,"Barriers to Housing and Services Rank":29784,"Barriers to Housing and Services Decile":9,"Living Environment Rank":31295,"Living Environment Decile":10,"Income Deprivation Affecting Children Index (IDACI) Rank":20916,"Income Deprivation Affecting Children Index (IDACI) Decile":7,"Income Deprivation Affecting Older People (IDAOPI) Rank":21420,"Income Deprivation Affecting Older People (IDAOPI) Decile":7},"geometry":null},{"type":"Feature","properties":{"LSOA code (2021)":"E01007386","LSOA name (2021)":"Barnsley 005E","Local Authority District code (2024)":"E08000016","Local Authority District name (2024)":"Barnsley","Index of Multiple Deprivation (IMD) Rank":26939,"Index of Multiple Deprivation (IMD) Decile":8,"Income Rank":29347,"Income Decile":9,"Employment Rank":26793,"Employment Decile":8,"Education Skills and Training Rank":25485,"Education Skills and Training Decile":8,"Health Deprivation and Disability Rank":12716,"Health Deprivation and Disability Decile":4,"Crime Rank":22241,"Crime Decile":7,"Barriers to Housing and Services Rank":21950,"Barriers to Housing and Services Decile":7,"Living Environment Rank":21782,"Living Environment Decile":7,"Income Deprivation Affecting Children Index (IDACI) Rank":27228,"Income Deprivation Affecting Children Index (IDACI) Decile":9,"Income Deprivation Affecting Older People (IDAOPI) Rank":28876,"Income Deprivation Affecting Older People (IDAOPI) Decile":9},"geometry":null},{"type":"Feature","properties":{"LSOA code (2021)":"E01007361","LSOA name (2021)":"Barnsley 004C","Local Authority District code (2024)":"E08000016","Local Authority District name (2024)":"Barnsley","Index of Multiple Deprivation (IMD) Rank":18822,"Index of Multiple Deprivation (IMD) Decile":6,"Income Rank":21602,"Income Decile":7,"Employment Rank":16832,"Employment Decile":5,"Education Skills and Training Rank":20891,"Education Skills and Training Decile":7,"Health Deprivation and Disability Rank":8300,"Health Deprivation and Disability Decile":3,"Crime Rank":18573,"Crime Decile":6,"Barriers to Housing and Services Rank":22454,"Barriers to Housing and Services Decile":7,"Living Environment Rank":14032,"Living Environment Decile":5,"Income Deprivation Affecting Children Index (IDACI) Rank":21526,"Income Deprivation Affecting Children Index (IDACI) Decile":7,"Income Deprivation Affecting Older People (IDAOPI) Rank":22861,"Income Deprivation Affecting Older People (IDAOPI) Decile":7},"geometry":null},{"type":"Feature","properties":{"LSOA code (2021)":"E01007357","LSOA name (2021)":"Barnsley 004B","Local Authority District code (2024)":"E08000016","Local Authority District name (2024)":"Barnsley","Index of Multiple Deprivation (IMD) Rank":9864,"Index of Multiple Deprivation (IMD) Decile":3,"Income Rank":12524,"Income Decile":4,"Employment Rank":6957,"Employment Decile":3,"Education Skills and Training Rank":7320,"Education Skills and Training Decile":3,"Health Deprivation and Disability Rank":3716,"Health Deprivation and Disability Decile":2,"Crime Rank":16870,"Crime Decile":5,"Barriers to Housing and Services Rank":23584,"Barriers to Housing and Services Decile":7,"Living Environment Rank":23773,"Living Environment Decile":8,"Income Deprivation Affecting Children Index (IDACI) Rank":13327,"Income Deprivation Affecting Children Index (IDACI) Decile":4,"Income Deprivation Affecting Older People (IDAOPI) Rank":11879,"Income Deprivation Affecting Older People (IDAOPI) Decile":4},"geometry":null},{"type":"Feature","properties":{"LSOA code (2021)":"E01007387","LSOA name (2021)":"Barnsley 012D","Local Authority District code (2024)":"E08000016","Local Authority District name (2024)":"Barnsley","Index of Multiple Deprivation (IMD) Rank":16281,"Index of Multiple Deprivation (IMD) Decile":5,"Income Rank":17070,"Income Decile":6,"Employment Rank":12420,"Employment Decile":4,"Education Skills and Training Rank":15315,"Education Skills and Training Decile":5,"Health Deprivation and Disability Rank":8529,"Health Deprivation and Disability Decile":3,"Crime Rank":17507,"Crime Decile":6,"Barriers to Housing and Services Rank":21195,"Barriers to Housing and Services Decile":7,"Living Environment Rank":24700,"Living Environment Decile":8,"Income Deprivation Affecting Children Index (IDACI) Rank":18291,"Income Deprivation Affecting Children Index (IDACI) Decile":6,"Income Deprivation Affecting Older People (IDAOPI) Rank":18817,"Income Deprivation Affecting Older People (IDAOPI) Decile":6},"geometry":null},{"type":"Feature","properties":{"LSOA code (2021)":"E01007382","LSOA name (2021)":"Barnsley 019A","Local Authority District code (2024)":"E08000016","Local Authority District name (2024)":"Barnsley","Index of Multiple Deprivation (IMD) Rank":11960,"Index of Multiple Deprivation (IMD) Decile":4,"Income Rank":13890,"Income Decile":5,"Employment Rank":10167,"Employment Decile":4,"Education Skills and Training Rank":9674,"Education Skills and Training Decile":3,"Health Deprivation and Disability Rank":6190,"Health Deprivation and Disability Decile":2,"Crime Rank":18315,"Crime Decile":6,"Barriers to Housing and Services Rank":18189,"Barriers to Housing and Services Decile":6,"Living Environment Rank":14873,"Living Environment Decile":5,"Income Deprivation Affecting Children Index (IDACI) Rank":14178,"Income Deprivation Affecting Children Index (IDACI) Decile":5,"Income Deprivation Affecting Older People (IDAOPI) Rank":11838,"Income Deprivation Affecting Older People (IDAOPI) Decile":4},"geometry":null},{"type":"Feature","properties":{"LSOA code (2021)":"E01007442","LSOA name (2021)":"Barnsley 012E","Local Authority District code (2024)":"E08000016","Local Authority District name (2024)":"Barnsley","Index of Multiple Deprivation (IMD) Rank":27924,"Index of Multiple Deprivation (IMD) Decile":9,"Income Rank":29298,"Income Decile":9,"Employment Rank":23617,"Employment Decile":7,"Education Skills and Training Rank":22110,"Education Skills and Training Decile":7,"Health Deprivation and Disability Rank":19030,"Health Deprivation and Disability Decile":6,"Crime Rank":18176,"Crime Decile":6,"Barriers to Housing and Services Rank":31269,"Barriers to Housing and Services Decile":10,"Living Environment Rank":25894,"Living Environment Decile":8,"Income Deprivation Affecting Children Index (IDACI) Rank":27227,"Income Deprivation Affecting Children Index (IDACI) Decile":9,"Income Deprivation Affecting Older People (IDAOPI) Rank":30912,"Income Deprivation Affecting Older People (IDAOPI) Decile":10},"geometry":null},{"type":"Feature","properties":{"LSOA code (2021)":"E01007384","LSOA name (2021)":"Barnsley 019C","Local Authority District code (2024)":"E08000016","Local Authority District name (2024)":"Barnsley","Index of Multiple Deprivation (IMD) Rank":26513,"Index of Multiple Deprivation (IMD) Decile":8,"Income Rank":24208,"Income Decile":8,"Employment Rank":23492,"Employment Decile":7,"Education Skills and Training Rank":23522,"Education Skills and Training Decile":7,"Health Deprivation and Disability Rank":15225,"Health Deprivation and Disability Decile":5,"Crime Rank":30665,"Crime Decile":10,"Barriers to Housing and Services Rank":18327,"Barriers to Housing and Services Decile":6,"Living Environment Rank":30794,"Living Environment Decile":10,"Income Deprivation Affecting Children Index (IDACI) Rank":22544,"Income Deprivation Affecting Children Index (IDACI) Decile":7,"Income Deprivation Affecting Older People (IDAOPI) Rank":23520,"Income Deprivation Affecting Older People (IDAOPI) Decile":7},"geometry":null},{"type":"Feature","properties":{"LSOA code (2021)":"E01007380","LSOA name (2021)":"Barnsley 012B","Local Authority District code (2024)":"E08000016","Local Authority District name (2024)":"Barnsley","Index of Multiple Deprivation (IMD) Rank":28954,"Index of Multiple Deprivation (IMD) Decile":9,"Income Rank":25124,"Income Decile":8,"Employment Rank":26821,"Employment Decile":8,"Education Skills and Training Rank":23784,"Education Skills and Training Decile":8,"Health Deprivation and Disability Rank":17503,"Health Deprivation and Disability Decile":6,"Crime Rank":31399,"Crime Decile":10,"Barriers to Housing and Services Rank":25465,"Barriers to Housing and Services Decile":8,"Living Environment Rank":30457,"Living Environment Decile":10,"Income Deprivation Affecting Children Index (IDACI) Rank":21423,"Income Deprivation Affecting Children Index (IDACI) Decile":7,"Income Deprivation Affecting Older People (IDAOPI) Rank":27133,"Income Deprivation Affecting Older People (IDAOPI) Decile":9},"geometry":null},{"type":"Feature","properties":{"LSOA code (2021)":"E01032551","LSOA name (2021)":"Barnsley 010H","Local Authority District code (2024)":"E08000016","Local Authority District name (2024)":"Barnsley","Index of Multiple Deprivation (IMD) Rank":17270,"Index of Multiple Deprivation (IMD) Decile":6,"Income Rank":15575,"Income Decile":5,"Employment Rank":13393,"Employment Decile":4,"Education Skills and Training Rank":16010,"Education Skills and Training Decile":5,"Health Deprivation and Disability Rank":12365,"Health Deprivation and Disability Decile":4,"Crime Rank":11476,"Crime Decile":4,"Barriers to Housing and Services Rank":30155,"Barriers to Housing and Services Decile":9,"Living Environment Rank":25642,"Living Environment Decile":8,"Income Deprivation Affecting Children Index (IDACI) Rank":15401,"Income Deprivation Affecting Children Index (IDACI) Decile":5,"Income Deprivation Affecting Older People (IDAOPI) Rank":17997,"Income Deprivation Affecting Older People (IDAOPI) Decile":6},"geometry":null},{"type":"Feature","properties":{"LSOA code (2021)":"E01007408","LSOA name (2021)":"Barnsley 010C","Local Authority District code (2024)":"E08000016","Local Authority District name (2024)":"Barnsley","Index of Multiple Deprivation (IMD) Rank":17068,"Index of Multiple Deprivation (IMD) Decile":6,"Income Rank":18358,"Income Decile":6,"Employment Rank":17759,"Employment Decile":6,"Education Skills and Training Rank":20557,"Education Skills and Training Decile":7,"Health Deprivation and Disability Rank":4958,"Health Deprivation and Disability Decile":2,"Crime Rank":16894,"Crime Decile":6,"Barriers to Housing and Services Rank":32790,"Barriers to Housing and Services Decile":10,"Living Environment Rank":12376,"Living Environment Decile":4,"Income Deprivation Affecting Children Index (IDACI) Rank":17464,"Income Deprivation Affecting Children Index (IDACI) Decile":6,"Income Deprivation Affecting Older People (IDAOPI) Rank":20208,"Income Deprivation Affecting Older People (IDAOPI) Decile":6},"geometry":null},{"type":"Feature","properties":{"LSOA code (2021)":"E01007441","LSOA name (2021)":"Barnsley 013E","Local Authority District code (2024)":"E08000016","Local Authority District name (2024)":"Barnsley","Index of Multiple Deprivation (IMD) Rank":10067,"Index of Multiple Deprivation (IMD) Decile":3,"Income Rank":12775,"Income Decile":4,"Employment Rank":12268,"Employment Decile":4,"Education Skills and Training Rank":11092,"Education Skills and Training Decile":4,"Health Deprivation and Disability Rank":5960,"Health Deprivation and Disability Decile":2,"Crime Rank":9542,"Crime Decile":3,"Barriers to Housing and Services Rank":32461,"Barriers to Housing and Services Decile":10,"Living Environment Rank":2377,"Living Environment Decile":1,"Income Deprivation Affecting Children Index (IDACI) Rank":12392,"Income Deprivation Affecting Children Index (IDACI) Decile":4,"Income Deprivation Affecting Older People (IDAOPI) Rank":16727,"Income Deprivation Affecting Older People (IDAOPI) Decile":5},"geometry":null},{"type":"Feature","properties":{"LSOA code (2021)":"E01007446","LSOA name (2021)":"Barnsley 012G","Local Authority District code (2024)":"E08000016","Local Authority District name (2024)":"Barnsley","Index of Multiple Deprivation (IMD) Rank":15098,"Index of Multiple Deprivation (IMD) Decile":5,"Income Rank":17744,"Income Decile":6,"Employment Rank":10864,"Employment Decile":4,"Education Skills and Training Rank":20077,"Education Skills and Training Decile":6,"Health Deprivation and Disability Rank":4650,"Health Deprivation and Disability Decile":2,"Crime Rank":19779,"Crime Decile":6,"Barriers to Housing and Services Rank":32502,"Barriers to Housing and Services Decile":10,"Living Environment Rank":14343,"Living Environment Decile":5,"Income Deprivation Affecting Children Index (IDACI) Rank":19657,"Income Deprivation Affecting Children Index (IDACI) Decile":6,"Income Deprivation Affecting Older People (IDAOPI) Rank":16906,"Income Deprivation Affecting Older People (IDAOPI) Decile":6},"geometry":null},{"type":"Feature","properties":{"LSOA code (2021)":"E01007444","LSOA name (2021)":"Barnsley 012F","Local Authority District code (2024)":"E08000016","Local Authority District name (2024)":"Barnsley","Index of Multiple Deprivation (IMD) Rank":17352,"Index of Multiple Deprivation (IMD) Decile":6,"Income Rank":17654,"Income Decile":6,"Employment Rank":13119,"Employment Decile":4,"Education Skills and Training Rank":20272,"Education Skills and Training Decile":7,"Health Deprivation and Disability Rank":9496,"Health Deprivation and Disability Decile":3,"Crime Rank":10467,"Crime Decile":4,"Barriers to Housing and Services Rank":31790,"Barriers to Housing and Services Decile":10,"Living Environment Rank":22229,"Living Environment Decile":7,"Income Deprivation Affecting Children Index (IDACI) Rank":23694,"Income Deprivation Affecting Children Index (IDACI) Decile":8,"Income Deprivation Affecting Older People (IDAOPI) Rank":15643,"Income Deprivation Affecting Older People (IDAOPI) Decile":5},"geometry":null},{"type":"Feature","properties":{"LSOA code (2021)":"E01007445","LSOA name (2021)":"Barnsley 013G","Local Authority District code (2024)":"E08000016","Local Authority District name (2024)":"Barnsley","Index of Multiple Deprivation (IMD) Rank":7676,"Index of Multiple Deprivation (IMD) Decile":3,"Income Rank":9276,"Income Decile":3,"Employment Rank":7515,"Employment Decile":3,"Education Skills and Training Rank":8757,"Education Skills and Training Decile":3,"Health Deprivation and Disability Rank":4655,"Health Deprivation and Disability Decile":2,"Crime Rank":7307,"Crime Decile":3,"Barriers to Housing and Services Rank":32316,"Barriers to Housing and Services Decile":10,"Living Environment Rank":4876,"Living Environment Decile":2,"Income Deprivation Affecting Children Index (IDACI) Rank":6822,"Income Deprivation Affecting Children Index (IDACI) Decile":3,"Income Deprivation Affecting Older People (IDAOPI) Rank":10499,"Income Deprivation Affecting Older People (IDAOPI) Decile":4},"geometry":null},{"type":"Feature","properties":{"LSOA code (2021)":"E01007356","LSOA name (2021)":"Barnsley 004A","Local Authority District code (2024)":"E08000016","Local Authority District name (2024)":"Barnsley","Index of Multiple Deprivation (IMD) Rank":22506,"Index of Multiple Deprivation (IMD) Decile":7,"Income Rank":28487,"Income Decile":9,"Employment Rank":20846,"Employment Decile":7,"Education Skills and Training Rank":22819,"Education Skills and Training Decile":7,"Health Deprivation and Disability Rank":8647,"Health Deprivation and Disability Decile":3,"Crime Rank":20194,"Crime Decile":6,"Barriers to Housing and Services Rank":25508,"Barriers to Housing and Services Decile":8,"Living Environment Rank":14415,"Living Environment Decile":5,"Income Deprivation Affecting Children Index (IDACI) Rank":25853,"Income Deprivation Affecting Children Index (IDACI) Decile":8,"Income Deprivation Affecting Older People (IDAOPI) Rank":29372,"Income Deprivation Affecting Older People (IDAOPI) Decile":9},"geometry":null},{"type":"Feature","properties":{"LSOA code (2021)":"E01007439","LSOA name (2021)":"Barnsley 001D","Local Authority District code (2024)":"E08000016","Local Authority District name (2024)":"Barnsley","Index of Multiple Deprivation (IMD) Rank":23621,"Index of Multiple Deprivation (IMD) Decile":7,"Income Rank":24034,"Income Decile":8,"Employment Rank":21479,"Employment Decile":7,"Education Skills and Training Rank":19525,"Education Skills and Training Decile":6,"Health Deprivation and Disability Rank":12969,"Health Deprivation and Disability Decile":4,"Crime Rank":18281,"Crime Decile":6,"Barriers to Housing and Services Rank":21443,"Barriers to Housing and Services Decile":7,"Living Environment Rank":29495,"Living Environment Decile":9,"Income Deprivation Affecting Children Index (IDACI) Rank":24795,"Income Deprivation Affecting Children Index (IDACI) Decile":8,"Income Deprivation Affecting Older People (IDAOPI) Rank":29120,"Income Deprivation Affecting Older People (IDAOPI) Decile":9},"geometry":null},{"type":"Feature","properties":{"LSOA code (2021)":"E01007434","LSOA name (2021)":"Barnsley 001A","Local Authority District code (2024)":"E08000016","Local Authority District name (2024)":"Barnsley","Index of Multiple Deprivation (IMD) Rank":13919,"Index of Multiple Deprivation (IMD) Decile":5,"Income Rank":15316,"Income Decile":5,"Employment Rank":12339,"Employment Decile":4,"Education Skills and Training Rank":15814,"Education Skills and Training Decile":5,"Health Deprivation and Disability Rank":7233,"Health Deprivation and Disability Decile":3,"Crime Rank":5485,"Crime Decile":2,"Barriers to Housing and Services Rank":26133,"Barriers to Housing and Services Decile":8,"Living Environment Rank":24517,"Living Environment Decile":8,"Income Deprivation Affecting Children Index (IDACI) Rank":20314,"Income Deprivation Affecting Children Index (IDACI) Decile":7,"Income Deprivation Affecting Older People (IDAOPI) Rank":13359,"Income Deprivation Affecting Older People (IDAOPI) Decile":4},"geometry":null},{"type":"Feature","properties":{"LSOA code (2021)":"E01007435","LSOA name (2021)":"Barnsley 001B","Local Authority District code (2024)":"E08000016","Local Authority District name (2024)":"Barnsley","Index of Multiple Deprivation (IMD) Rank":2913,"Index of Multiple Deprivation (IMD) Decile":1,"Income Rank":4042,"Income Decile":2,"Employment Rank":2538,"Employment Decile":1,"Education Skills and Training Rank":2936,"Education Skills and Training Decile":1,"Health Deprivation and Disability Rank":372,"Health Deprivation and Disability Decile":1,"Crime Rank":5119,"Crime Decile":2,"Barriers to Housing and Services Rank":22836,"Barriers to Housing and Services Decile":7,"Living Environment Rank":26741,"Living Environment Decile":8,"Income Deprivation Affecting Children Index (IDACI) Rank":5907,"Income Deprivation Affecting Children Index (IDACI) Decile":2,"Income Deprivation Affecting Older People (IDAOPI) Rank":4063,"Income Deprivation Affecting Older People (IDAOPI) Decile":2},"geometry":null},{"type":"Feature","properties":{"LSOA code (2021)":"E01007438","LSOA name (2021)":"Barnsley 001C","Local Authority District code (2024)":"E08000016","Local Authority District name (2024)":"Barnsley","Index of Multiple Deprivation (IMD) Rank":18548,"Index of Multiple Deprivation (IMD) Decile":6,"Income Rank":16142,"Income Decile":5,"Employment Rank":14262,"Employment Decile":5,"Education Skills and Training Rank":16637,"Education Skills and Training Decile":5,"Health Deprivation and Disability Rank":10697,"Health Deprivation and Disability Decile":4,"Crime Rank":20699,"Crime Decile":7,"Barriers to Housing and Services Rank":25698,"Barriers to Housing and Services Decile":8,"Living Environment Rank":28571,"Living Environment Decile":9,"Income Deprivation Affecting Children Index (IDACI) Rank":16245,"Income Deprivation Affecting Children Index (IDACI) Decile":5,"Income Deprivation Affecting Older People (IDAOPI) Rank":16609,"Income Deprivation Affecting Older People (IDAOPI) Decile":5},"geometry":null},{"type":"Feature","properties":{"LSOA code (2021)":"E01007440","LSOA name (2021)":"Barnsley 002D","Local Authority District code (2024)":"E08000016","Local Authority District name (2024)":"Barnsley","Index of Multiple Deprivation (IMD) Rank":2622,"Index of Multiple Deprivation (IMD) Decile":1,"Income Rank":4583,"Income Decile":2,"Employment Rank":2284,"Employment Decile":1,"Education Skills and Training Rank":2568,"Education Skills and Training Decile":1,"Health Deprivation and Disability Rank":1116,"Health Deprivation and Disability Decile":1,"Crime Rank":3989,"Crime Decile":2,"Barriers to Housing and Services Rank":24061,"Barriers to Housing and Services Decile":8,"Living Environment Rank":6801,"Living Environment Decile":3,"Income Deprivation Affecting Children Index (IDACI) Rank":2967,"Income Deprivation Affecting Children Index (IDACI) Decile":1,"Income Deprivation Affecting Older People (IDAOPI) Rank":9877,"Income Deprivation Affecting Older People (IDAOPI) Decile":3},"geometry":null},{"type":"Feature","properties":{"LSOA code (2021)":"E01007329","LSOA name (2021)":"Barnsley 003A","Local Authority District code (2024)":"E08000016","Local Authority District name (2024)":"Barnsley","Index of Multiple Deprivation (IMD) Rank":9677,"Index of Multiple Deprivation (IMD) Decile":3,"Income Rank":13972,"Income Decile":5,"Employment Rank":10750,"Employment Decile":4,"Education Skills and Training Rank":7651,"Education Skills and Training Decile":3,"Health Deprivation and Disability Rank":3378,"Health Deprivation and Disability Decile":2,"Crime Rank":12941,"Crime Decile":4,"Barriers to Housing and Services Rank":6196,"Barriers to Housing and Services Decile":2,"Living Environment Rank":29044,"Living Environment Decile":9,"Income Deprivation Affecting Children Index (IDACI) Rank":15470,"Income Deprivation Affecting Children Index (IDACI) Decile":5,"Income Deprivation Affecting Older People (IDAOPI) Rank":12422,"Income Deprivation Affecting Older People (IDAOPI) Decile":4},"geometry":null},{"type":"Feature","properties":{"LSOA code (2021)":"E01007324","LSOA name (2021)":"Barnsley 007B","Local Authority District code (2024)":"E08000016","Local Authority District name (2024)":"Barnsley","Index of Multiple Deprivation (IMD) Rank":4087,"Index of Multiple Deprivation (IMD) Decile":2,"Income Rank":5353,"Income Decile":2,"Employment Rank":3256,"Employment Decile":1,"Education Skills and Training Rank":2553,"Education Skills and Training Decile":1,"Health Deprivation and Disability Rank":1804,"Health Deprivation and Disability Decile":1,"Crime Rank":6648,"Crime Decile":2,"Barriers to Housing and Services Rank":27372,"Barriers to Housing and Services Decile":9,"Living Environment Rank":17337,"Living Environment Decile":6,"Income Deprivation Affecting Children Index (IDACI) Rank":5496,"Income Deprivation Affecting Children Index (IDACI) Decile":2,"Income Deprivation Affecting Older People (IDAOPI) Rank":7540,"Income Deprivation Affecting Older People (IDAOPI) Decile":3},"geometry":null},{"type":"Feature","properties":{"LSOA code (2021)":"E01007323","LSOA name (2021)":"Barnsley 007A","Local Authority District code (2024)":"E08000016","Local Authority District name (2024)":"Barnsley","Index of Multiple Deprivation (IMD) Rank":3231,"Index of Multiple Deprivation (IMD) Decile":1,"Income Rank":3744,"Income Decile":2,"Employment Rank":3147,"Employment Decile":1,"Education Skills and Training Rank":2119,"Education Skills and Training Decile":1,"Health Deprivation and Disability Rank":949,"Health Deprivation and Disability Decile":1,"Crime Rank":5870,"Crime Decile":2,"Barriers to Housing and Services Rank":16492,"Barriers to Housing and Services Decile":5,"Living Environment Rank":32921,"Living Environment Decile":10,"Income Deprivation Affecting Children Index (IDACI) Rank":2260,"Income Deprivation Affecting Children Index (IDACI) Decile":1,"Income Deprivation Affecting Older People (IDAOPI) Rank":5038,"Income Deprivation Affecting Older People (IDAOPI) Decile":2},"geometry":null},{"type":"Feature","properties":{"LSOA code (2021)":"E01007362","LSOA name (2021)":"Barnsley 004D","Local Authority District code (2024)":"E08000016","Local Authority District name (2024)":"Barnsley","Index of Multiple Deprivation (IMD) Rank":27917,"Index of Multiple Deprivation (IMD) Decile":9,"Income Rank":25803,"Income Decile":8,"Employment Rank":27352,"Employment Decile":9,"Education Skills and Training Rank":24030,"Education Skills and Training Decile":8,"Health Deprivation and Disability Rank":18360,"Health Deprivation and Disability Decile":6,"Crime Rank":17255,"Crime Decile":6,"Barriers to Housing and Services Rank":25113,"Barriers to Housing and Services Decile":8,"Living Environment Rank":30122,"Living Environment Decile":9,"Income Deprivation Affecting Children Index (IDACI) Rank":24972,"Income Deprivation Affecting Children Index (IDACI) Decile":8,"Income Deprivation Affecting Older People (IDAOPI) Rank":28557,"Income Deprivation Affecting Older People (IDAOPI) Decile":9},"geometry":null},{"type":"Feature","properties":{"LSOA code (2021)":"E01007411","LSOA name (2021)":"Barnsley 007F","Local Authority District code (2024)":"E08000016","Local Authority District name (2024)":"Barnsley","Index of Multiple Deprivation (IMD) Rank":953,"Index of Multiple Deprivation (IMD) Decile":1,"Income Rank":1135,"Income Decile":1,"Employment Rank":674,"Employment Decile":1,"Education Skills and Training Rank":1087,"Education Skills and Training Decile":1,"Health Deprivation and Disability Rank":467,"Health Deprivation and Disability Decile":1,"Crime Rank":2867,"Crime Decile":1,"Barriers to Housing and Services Rank":25459,"Barriers to Housing and Services Decile":8,"Living Environment Rank":28997,"Living Environment Decile":9,"Income Deprivation Affecting Children Index (IDACI) Rank":2937,"Income Deprivation Affecting Children Index (IDACI) Decile":1,"Income Deprivation Affecting Older People (IDAOPI) Rank":2920,"Income Deprivation Affecting Older People (IDAOPI) Decile":1},"geometry":null},{"type":"Feature","properties":{"LSOA code (2021)":"E01007326","LSOA name (2021)":"Barnsley 007D","Local Authority District code (2024)":"E08000016","Local Authority District name (2024)":"Barnsley","Index of Multiple Deprivation (IMD) Rank":4506,"Index of Multiple Deprivation (IMD) Decile":2,"Income Rank":4562,"Income Decile":2,"Employment Rank":3674,"Employment Decile":2,"Education Skills and Training Rank":4282,"Education Skills and Training Decile":2,"Health Deprivation and Disability Rank":1316,"Health Deprivation and Disability Decile":1,"Crime Rank":7479,"Crime Decile":3,"Barriers to Housing and Services Rank":27804,"Barriers to Housing and Services Decile":9,"Living Environment Rank":26845,"Living Environment Decile":8,"Income Deprivation Affecting Children Index (IDACI) Rank":5292,"Income Deprivation Affecting Children Index (IDACI) Decile":2,"Income Deprivation Affecting Older People (IDAOPI) Rank":6012,"Income Deprivation Affecting Older People (IDAOPI) Decile":2},"geometry":null},{"type":"Feature","properties":{"LSOA code (2021)":"E01007327","LSOA name (2021)":"Barnsley 007E","Local Authority District code (2024)":"E08000016","Local Authority District name (2024)":"Barnsley","Index of Multiple Deprivation (IMD) Rank":3200,"Index of Multiple Deprivation (IMD) Decile":1,"Income Rank":4216,"Income Decile":2,"Employment Rank":1878,"Employment Decile":1,"Education Skills and Training Rank":1425,"Education Skills and Training Decile":1,"Health Deprivation and Disability Rank":1070,"Health Deprivation and Disability Decile":1,"Crime Rank":11737,"Crime Decile":4,"Barriers to Housing and Services Rank":29451,"Barriers to Housing and Services Decile":9,"Living Environment Rank":27856,"Living Environment Decile":9,"Income Deprivation Affecting Children Index (IDACI) Rank":9459,"Income Deprivation Affecting Children Index (IDACI) Decile":3,"Income Deprivation Affecting Older People (IDAOPI) Rank":3260,"Income Deprivation Affecting Older People (IDAOPI) Decile":1},"geometry":null},{"type":"Feature","properties":{"LSOA code (2021)":"E01007436","LSOA name (2021)":"Barnsley 002B","Local Authority District code (2024)":"E08000016","Local Authority District name (2024)":"Barnsley","Index of Multiple Deprivation (IMD) Rank":12661,"Index of Multiple Deprivation (IMD) Decile":4,"Income Rank":14229,"Income Decile":5,"Employment Rank":10197,"Employment Decile":4,"Education Skills and Training Rank":11725,"Education Skills and Training Decile":4,"Health Deprivation and Disability Rank":7031,"Health Deprivation and Disability Decile":3,"Crime Rank":7375,"Crime Decile":3,"Barriers to Housing and Services Rank":24554,"Barriers to Housing and Services Decile":8,"Living Environment Rank":26439,"Living Environment Decile":8,"Income Deprivation Affecting Children Index (IDACI) Rank":11365,"Income Deprivation Affecting Children Index (IDACI) Decile":4,"Income Deprivation Affecting Older People (IDAOPI) Rank":22232,"Income Deprivation Affecting Older People (IDAOPI) Decile":7},"geometry":null},{"type":"Feature","properties":{"LSOA code (2021)":"E01007325","LSOA name (2021)":"Barnsley 007C","Local Authority District code (2024)":"E08000016","Local Authority District name (2024)":"Barnsley","Index of Multiple Deprivation (IMD) Rank":1386,"Index of Multiple Deprivation (IMD) Decile":1,"Income Rank":1328,"Income Decile":1,"Employment Rank":1686,"Employment Decile":1,"Education Skills and Training Rank":1528,"Education Skills and Training Decile":1,"Health Deprivation and Disability Rank":470,"Health Deprivation and Disability Decile":1,"Crime Rank":1882,"Crime Decile":1,"Barriers to Housing and Services Rank":21488,"Barriers to Housing and Services Decile":7,"Living Environment Rank":33193,"Living Environment Decile":10,"Income Deprivation Affecting Children Index (IDACI) Rank":1831,"Income Deprivation Affecting Children Index (IDACI) Decile":1,"Income Deprivation Affecting Older People (IDAOPI) Rank":4437,"Income Deprivation Affecting Older People (IDAOPI) Decile":2},"geometry":null},{"type":"Feature","properties":{"LSOA code (2021)":"E01007437","LSOA name (2021)":"Barnsley 002C","Local Authority District code (2024)":"E08000016","Local Authority District name (2024)":"Barnsley","Index of Multiple Deprivation (IMD) Rank":7357,"Index of Multiple Deprivation (IMD) Decile":3,"Income Rank":9910,"Income Decile":3,"Employment Rank":5961,"Employment Decile":2,"Education Skills and Training Rank":7125,"Education Skills and Training Decile":3,"Health Deprivation and Disability Rank":2361,"Health Deprivation and Disability Decile":1,"Crime Rank":12030,"Crime Decile":4,"Barriers to Housing and Services Rank":20337,"Barriers to Housing and Services Decile":7,"Living Environment Rank":16590,"Living Environment Decile":5,"Income Deprivation Affecting Children Index (IDACI) Rank":10828,"Income Deprivation Affecting Children Index (IDACI) Decile":4,"Income Deprivation Affecting Older People (IDAOPI) Rank":10291,"Income Deprivation Affecting Older People (IDAOPI) Decile":4},"geometry":null},{"type":"Feature","properties":{"LSOA code (2021)":"E01034258","LSOA name (2021)":"Barnsley 010I","Local Authority District code (2024)":"E08000016","Local Authority District name (2024)":"Barnsley","Index of Multiple Deprivation (IMD) Rank":10601,"Index of Multiple Deprivation (IMD) Decile":4,"Income Rank":12189,"Income Decile":4,"Employment Rank":9562,"Employment Decile":3,"Education Skills and Training Rank":8079,"Education Skills and Training Decile":3,"Health Deprivation and Disability Rank":4349,"Health Deprivation and Disability Decile":2,"Crime Rank":6622,"Crime Decile":2,"Barriers to Housing and Services Rank":30317,"Barriers to Housing and Services Decile":9,"Living Environment Rank":29753,"Living Environment Decile":9,"Income Deprivation Affecting Children Index (IDACI) Rank":13648,"Income Deprivation Affecting Children Index (IDACI) Decile":5,"Income Deprivation Affecting Older People (IDAOPI) Rank":11252,"Income Deprivation Affecting Older People (IDAOPI) Decile":4},"geometry":null},{"type":"Feature","properties":{"LSOA code (2021)":"E01007400","LSOA name (2021)":"Barnsley 009C","Local Authority District code (2024)":"E08000016","Local Authority District name (2024)":"Barnsley","Index of Multiple Deprivation (IMD) Rank":21061,"Index of Multiple Deprivation (IMD) Decile":7,"Income Rank":22142,"Income Decile":7,"Employment Rank":17352,"Employment Decile":6,"Education Skills and Training Rank":17413,"Education Skills and Training Decile":6,"Health Deprivation and Disability Rank":11048,"Health Deprivation and Disability Decile":4,"Crime Rank":14241,"Crime Decile":5,"Barriers to Housing and Services Rank":26448,"Barriers to Housing and Services Decile":8,"Living Environment Rank":31990,"Living Environment Decile":10,"Income Deprivation Affecting Children Index (IDACI) Rank":24486,"Income Deprivation Affecting Children Index (IDACI) Decile":8,"Income Deprivation Affecting Older People (IDAOPI) Rank":20025,"Income Deprivation Affecting Older People (IDAOPI) Decile":6},"geometry":null},{"type":"Feature","properties":{"LSOA code (2021)":"E01007409","LSOA name (2021)":"Barnsley 010D","Local Authority District code (2024)":"E08000016","Local Authority District name (2024)":"Barnsley","Index of Multiple Deprivation (IMD) Rank":16601,"Index of Multiple Deprivation (IMD) Decile":5,"Income Rank":22754,"Income Decile":7,"Employment Rank":16192,"Employment Decile":5,"Education Skills and Training Rank":23074,"Education Skills and Training Decile":7,"Health Deprivation and Disability Rank":9938,"Health Deprivation and Disability Decile":3,"Crime Rank":14305,"Crime Decile":5,"Barriers to Housing and Services Rank":33456,"Barriers to Housing and Services Decile":10,"Living Environment Rank":2400,"Living Environment Decile":1,"Income Deprivation Affecting Children Index (IDACI) Rank":24966,"Income Deprivation Affecting Children Index (IDACI) Decile":8,"Income Deprivation Affecting Older People (IDAOPI) Rank":30694,"Income Deprivation Affecting Older People (IDAOPI) Decile":10},"geometry":null},{"type":"Feature","properties":{"LSOA code (2021)":"E01007443","LSOA name (2021)":"Barnsley 013F","Local Authority District code (2024)":"E08000016","Local Authority District name (2024)":"Barnsley","Index of Multiple Deprivation (IMD) Rank":5878,"Index of Multiple Deprivation (IMD) Decile":2,"Income Rank":7209,"Income Decile":3,"Employment Rank":7107,"Employment Decile":3,"Education Skills and Training Rank":8445,"Education Skills and Training Decile":3,"Health Deprivation and Disability Rank":2916,"Health Deprivation and Disability Decile":1,"Crime Rank":3126,"Crime Decile":1,"Barriers to Housing and Services Rank":31325,"Barriers to Housing and Services Decile":10,"Living Environment Rank":5219,"Living Environment Decile":2,"Income Deprivation Affecting Children Index (IDACI) Rank":6627,"Income Deprivation Affecting Children Index (IDACI) Decile":2,"Income Deprivation Affecting Older People (IDAOPI) Rank":5614,"Income Deprivation Affecting Older People (IDAOPI) Decile":2},"geometry":null},{"type":"Feature","properties":{"LSOA code (2021)":"E01034259","LSOA name (2021)":"Barnsley 010J","Local Authority District code (2024)":"E08000016","Local Authority District name (2024)":"Barnsley","Index of Multiple Deprivation (IMD) Rank":4857,"Index of Multiple Deprivation (IMD) Decile":2,"Income Rank":5696,"Income Decile":2,"Employment Rank":3575,"Employment Decile":2,"Education Skills and Training Rank":7710,"Education Skills and Training Decile":3,"Health Deprivation and Disability Rank":1799,"Health Deprivation and Disability Decile":1,"Crime Rank":3749,"Crime Decile":2,"Barriers to Housing and Services Rank":27755,"Barriers to Housing and Services Decile":9,"Living Environment Rank":18785,"Living Environment Decile":6,"Income Deprivation Affecting Children Index (IDACI) Rank":3567,"Income Deprivation Affecting Children Index (IDACI) Decile":2,"Income Deprivation Affecting Older People (IDAOPI) Rank":10341,"Income Deprivation Affecting Older People (IDAOPI) Decile":4},"geometry":null},{"type":"Feature","properties":{"LSOA code (2021)":"E01007410","LSOA name (2021)":"Barnsley 010E","Local Authority District code (2024)":"E08000016","Local Authority District name (2024)":"Barnsley","Index of Multiple Deprivation (IMD) Rank":3047,"Index of Multiple Deprivation (IMD) Decile":1,"Income Rank":5067,"Income Decile":2,"Employment Rank":2280,"Employment Decile":1,"Education Skills and Training Rank":6275,"Education Skills and Training Decile":2,"Health Deprivation and Disability Rank":639,"Health Deprivation and Disability Decile":1,"Crime Rank":660,"Crime Decile":1,"Barriers to Housing and Services Rank":30852,"Barriers to Housing and Services Decile":10,"Living Environment Rank":24758,"Living Environment Decile":8,"Income Deprivation Affecting Children Index (IDACI) Rank":7585,"Income Deprivation Affecting Children Index (IDACI) Decile":3,"Income Deprivation Affecting Older People (IDAOPI) Rank":7033,"Income Deprivation Affecting Older People (IDAOPI) Decile":3},"geometry":null},{"type":"Feature","properties":{"LSOA code (2021)":"E01007334","LSOA name (2021)":"Barnsley 009A","Local Authority District code (2024)":"E08000016","Local Authority District name (2024)":"Barnsley","Index of Multiple Deprivation (IMD) Rank":21501,"Index of Multiple Deprivation (IMD) Decile":7,"Income Rank":24544,"Income Decile":8,"Employment Rank":19120,"Employment Decile":6,"Education Skills and Training Rank":17634,"Education Skills and Training Decile":6,"Health Deprivation and Disability Rank":13801,"Health Deprivation and Disability Decile":5,"Crime Rank":13767,"Crime Decile":5,"Barriers to Housing and Services Rank":30299,"Barriers to Housing and Services Decile":9,"Living Environment Rank":15470,"Living Environment Decile":5,"Income Deprivation Affecting Children Index (IDACI) Rank":21917,"Income Deprivation Affecting Children Index (IDACI) Decile":7,"Income Deprivation Affecting Older People (IDAOPI) Rank":30528,"Income Deprivation Affecting Older People (IDAOPI) Decile":10},"geometry":null},{"type":"Feature","properties":{"LSOA code (2021)":"E01007340","LSOA name (2021)":"Barnsley 013B","Local Authority District code (2024)":"E08000016","Local Authority District name (2024)":"Barnsley","Index of Multiple Deprivation (IMD) Rank":4483,"Index of Multiple Deprivation (IMD) Decile":2,"Income Rank":6378,"Income Decile":2,"Employment Rank":7456,"Employment Decile":3,"Education Skills and Training Rank":8046,"Education Skills and Training Decile":3,"Health Deprivation and Disability Rank":7550,"Health Deprivation and Disability Decile":3,"Crime Rank":239,"Crime Decile":1,"Barriers to Housing and Services Rank":27123,"Barriers to Housing and Services Decile":9,"Living Environment Rank":1002,"Living Environment Decile":1,"Income Deprivation Affecting Children Index (IDACI) Rank":6651,"Income Deprivation Affecting Children Index (IDACI) Decile":2,"Income Deprivation Affecting Older People (IDAOPI) Rank":9393,"Income Deprivation Affecting Older People (IDAOPI) Decile":3},"geometry":null},{"type":"Feature","properties":{"LSOA code (2021)":"E01007417","LSOA name (2021)":"Barnsley 013D","Local Authority District code (2024)":"E08000016","Local Authority District name (2024)":"Barnsley","Index of Multiple Deprivation (IMD) Rank":5597,"Index of Multiple Deprivation (IMD) Decile":2,"Income Rank":8833,"Income Decile":3,"Employment Rank":8564,"Employment Decile":3,"Education Skills and Training Rank":8890,"Education Skills and Training Decile":3,"Health Deprivation and Disability Rank":3496,"Health Deprivation and Disability Decile":2,"Crime Rank":2088,"Crime Decile":1,"Barriers to Housing and Services Rank":33093,"Barriers to Housing and Services Decile":10,"Living Environment Rank":1139,"Living Environment Decile":1,"Income Deprivation Affecting Children Index (IDACI) Rank":9275,"Income Deprivation Affecting Children Index (IDACI) Decile":3,"Income Deprivation Affecting Older People (IDAOPI) Rank":14942,"Income Deprivation Affecting Older People (IDAOPI) Decile":5},"geometry":null},{"type":"Feature","properties":{"LSOA code (2021)":"E01007336","LSOA name (2021)":"Barnsley 013A","Local Authority District code (2024)":"E08000016","Local Authority District name (2024)":"Barnsley","Index of Multiple Deprivation (IMD) Rank":6047,"Index of Multiple Deprivation (IMD) Decile":2,"Income Rank":11425,"Income Decile":4,"Employment Rank":9113,"Employment Decile":3,"Education Skills and Training Rank":9157,"Education Skills and Training Decile":3,"Health Deprivation and Disability Rank":4683,"Health Deprivation and Disability Decile":2,"Crime Rank":1670,"Crime Decile":1,"Barriers to Housing and Services Rank":33528,"Barriers to Housing and Services Decile":10,"Living Environment Rank":610,"Living Environment Decile":1,"Income Deprivation Affecting Children Index (IDACI) Rank":10048,"Income Deprivation Affecting Children Index (IDACI) Decile":3,"Income Deprivation Affecting Older People (IDAOPI) Rank":12522,"Income Deprivation Affecting Older People (IDAOPI) Decile":4},"geometry":null},{"type":"Feature","properties":{"LSOA code (2021)":"E01007338","LSOA name (2021)":"Barnsley 017A","Local Authority District code (2024)":"E08000016","Local Authority District name (2024)":"Barnsley","Index of Multiple Deprivation (IMD) Rank":749,"Index of Multiple Deprivation (IMD) Decile":1,"Income Rank":2310,"Income Decile":1,"Employment Rank":557,"Employment Decile":1,"Education Skills and Training Rank":1138,"Education Skills and Training Decile":1,"Health Deprivation and Disability Rank":178,"Health Deprivation and Disability Decile":1,"Crime Rank":1234,"Crime Decile":1,"Barriers to Housing and Services Rank":31207,"Barriers to Housing and Services Decile":10,"Living Environment Rank":8949,"Living Environment Decile":3,"Income Deprivation Affecting Children Index (IDACI) Rank":4710,"Income Deprivation Affecting Children Index (IDACI) Decile":2,"Income Deprivation Affecting Older People (IDAOPI) Rank":1481,"Income Deprivation Affecting Older People (IDAOPI) Decile":1},"geometry":null},{"type":"Feature","properties":{"LSOA code (2021)":"E01007413","LSOA name (2021)":"Barnsley 017C","Local Authority District code (2024)":"E08000016","Local Authority District name (2024)":"Barnsley","Index of Multiple Deprivation (IMD) Rank":2459,"Index of Multiple Deprivation (IMD) Decile":1,"Income Rank":2992,"Income Decile":1,"Employment Rank":2110,"Employment Decile":1,"Education Skills and Training Rank":2831,"Education Skills and Training Decile":1,"Health Deprivation and Disability Rank":714,"Health Deprivation and Disability Decile":1,"Crime Rank":3330,"Crime Decile":1,"Barriers to Housing and Services Rank":27492,"Barriers to Housing and Services Decile":9,"Living Environment Rank":19729,"Living Environment Decile":6,"Income Deprivation Affecting Children Index (IDACI) Rank":4485,"Income Deprivation Affecting Children Index (IDACI) Decile":2,"Income Deprivation Affecting Older People (IDAOPI) Rank":4158,"Income Deprivation Affecting Older People (IDAOPI) Decile":2},"geometry":null},{"type":"Feature","properties":{"LSOA code (2021)":"E01007337","LSOA name (2021)":"Barnsley 015D","Local Authority District code (2024)":"E08000016","Local Authority District name (2024)":"Barnsley","Index of Multiple Deprivation (IMD) Rank":6729,"Index of Multiple Deprivation (IMD) Decile":2,"Income Rank":9106,"Income Decile":3,"Employment Rank":6467,"Employment Decile":2,"Education Skills and Training Rank":6009,"Education Skills and Training Decile":2,"Health Deprivation and Disability Rank":3645,"Health Deprivation and Disability Decile":2,"Crime Rank":5702,"Crime Decile":2,"Barriers to Housing and Services Rank":32976,"Barriers to Housing and Services Decile":10,"Living Environment Rank":7262,"Living Environment Decile":3,"Income Deprivation Affecting Children Index (IDACI) Rank":7591,"Income Deprivation Affecting Children Index (IDACI) Decile":3,"Income Deprivation Affecting Older People (IDAOPI) Rank":10929,"Income Deprivation Affecting Older People (IDAOPI) Decile":4},"geometry":null},{"type":"Feature","properties":{"LSOA code (2021)":"E01007405","LSOA name (2021)":"Barnsley 011D","Local Authority District code (2024)":"E08000016","Local Authority District name (2024)":"Barnsley","Index of Multiple Deprivation (IMD) Rank":9639,"Index of Multiple Deprivation (IMD) Decile":3,"Income Rank":12452,"Income Decile":4,"Employment Rank":7907,"Employment Decile":3,"Education Skills and Training Rank":5242,"Education Skills and Training Decile":2,"Health Deprivation and Disability Rank":4734,"Health Deprivation and Disability Decile":2,"Crime Rank":8788,"Crime Decile":3,"Barriers to Housing and Services Rank":28353,"Barriers to Housing and Services Decile":9,"Living Environment Rank":26838,"Living Environment Decile":8,"Income Deprivation Affecting Children Index (IDACI) Rank":10106,"Income Deprivation Affecting Children Index (IDACI) Decile":3,"Income Deprivation Affecting Older People (IDAOPI) Rank":20372,"Income Deprivation Affecting Older People (IDAOPI) Decile":7},"geometry":null},{"type":"Feature","properties":{"LSOA code (2021)":"E01007322","LSOA name (2021)":"Barnsley 015C","Local Authority District code (2024)":"E08000016","Local Authority District name (2024)":"Barnsley","Index of Multiple Deprivation (IMD) Rank":7368,"Index of Multiple Deprivation (IMD) Decile":3,"Income Rank":10227,"Income Decile":4,"Employment Rank":8955,"Employment Decile":3,"Education Skills and Training Rank":8191,"Education Skills and Training Decile":3,"Health Deprivation and Disability Rank":2443,"Health Deprivation and Disability Decile":1,"Crime Rank":5706,"Crime Decile":2,"Barriers to Housing and Services Rank":30778,"Barriers to Housing and Services Decile":10,"Living Environment Rank":6295,"Living Environment Decile":2,"Income Deprivation Affecting Children Index (IDACI) Rank":10223,"Income Deprivation Affecting Children Index (IDACI) Decile":4,"Income Deprivation Affecting Older People (IDAOPI) Rank":10171,"Income Deprivation Affecting Older People (IDAOPI) Decile":4},"geometry":null},{"type":"Feature","properties":{"LSOA code (2021)":"E01007339","LSOA name (2021)":"Barnsley 017B","Local Authority District code (2024)":"E08000016","Local Authority District name (2024)":"Barnsley","Index of Multiple Deprivation (IMD) Rank":1456,"Index of Multiple Deprivation (IMD) Decile":1,"Income Rank":4367,"Income Decile":2,"Employment Rank":2512,"Employment Decile":1,"Education Skills and Training Rank":3090,"Education Skills and Training Decile":1,"Health Deprivation and Disability Rank":1345,"Health Deprivation and Disability Decile":1,"Crime Rank":190,"Crime Decile":1,"Barriers to Housing and Services Rank":28721,"Barriers to Housing and Services Decile":9,"Living Environment Rank":306,"Living Environment Decile":1,"Income Deprivation Affecting Children Index (IDACI) Rank":3194,"Income Deprivation Affecting Children Index (IDACI) Decile":1,"Income Deprivation Affecting Older People (IDAOPI) Rank":8859,"Income Deprivation Affecting Older People (IDAOPI) Decile":3},"geometry":null},{"type":"Feature","properties":{"LSOA code (2021)":"E01007318","LSOA name (2021)":"Barnsley 018B","Local Authority District code (2024)":"E08000016","Local Authority District name (2024)":"Barnsley","Index of Multiple Deprivation (IMD) Rank":4208,"Index of Multiple Deprivation (IMD) Decile":2,"Income Rank":4137,"Income Decile":2,"Employment Rank":3416,"Employment Decile":2,"Education Skills and Training Rank":5680,"Education Skills and Training Decile":2,"Health Deprivation and Disability Rank":983,"Health Deprivation and Disability Decile":1,"Crime Rank":4603,"Crime Decile":2,"Barriers to Housing and Services Rank":29945,"Barriers to Housing and Services Decile":9,"Living Environment Rank":29780,"Living Environment Decile":9,"Income Deprivation Affecting Children Index (IDACI) Rank":5921,"Income Deprivation Affecting Children Index (IDACI) Decile":2,"Income Deprivation Affecting Older People (IDAOPI) Rank":3766,"Income Deprivation Affecting Older People (IDAOPI) Decile":2},"geometry":null},{"type":"Feature","properties":{"LSOA code (2021)":"E01007416","LSOA name (2021)":"Barnsley 018D","Local Authority District code (2024)":"E08000016","Local Authority District name (2024)":"Barnsley","Index of Multiple Deprivation (IMD) Rank":1968,"Index of Multiple Deprivation (IMD) Decile":1,"Income Rank":2639,"Income Decile":1,"Employment Rank":1885,"Employment Decile":1,"Education Skills and Training Rank":1769,"Education Skills and Training Decile":1,"Health Deprivation and Disability Rank":455,"Health Deprivation and Disability Decile":1,"Crime Rank":1857,"Crime Decile":1,"Barriers to Housing and Services Rank":29156,"Barriers to Housing and Services Decile":9,"Living Environment Rank":32015,"Living Environment Decile":10,"Income Deprivation Affecting Children Index (IDACI) Rank":5313,"Income Deprivation Affecting Children Index (IDACI) Decile":2,"Income Deprivation Affecting Older People (IDAOPI) Rank":4908,"Income Deprivation Affecting Older People (IDAOPI) Decile":2},"geometry":null},{"type":"Feature","properties":{"LSOA code (2021)":"E01007406","LSOA name (2021)":"Barnsley 009E","Local Authority District code (2024)":"E08000016","Local Authority District name (2024)":"Barnsley","Index of Multiple Deprivation (IMD) Rank":1280,"Index of Multiple Deprivation (IMD) Decile":1,"Income Rank":2763,"Income Decile":1,"Employment Rank":742,"Employment Decile":1,"Education Skills and Training Rank":2564,"Education Skills and Training Decile":1,"Health Deprivation and Disability Rank":263,"Health Deprivation and Disability Decile":1,"Crime Rank":1129,"Crime Decile":1,"Barriers to Housing and Services Rank":18030,"Barriers to Housing and Services Decile":6,"Living Environment Rank":30144,"Living Environment Decile":9,"Income Deprivation Affecting Children Index (IDACI) Rank":6216,"Income Deprivation Affecting Children Index (IDACI) Decile":2,"Income Deprivation Affecting Older People (IDAOPI) Rank":2861,"Income Deprivation Affecting Older People (IDAOPI) Decile":1},"geometry":null},{"type":"Feature","properties":{"LSOA code (2021)":"E01007433","LSOA name (2021)":"Barnsley 002A","Local Authority District code (2024)":"E08000016","Local Authority District name (2024)":"Barnsley","Index of Multiple Deprivation (IMD) Rank":8141,"Index of Multiple Deprivation (IMD) Decile":3,"Income Rank":10101,"Income Decile":3,"Employment Rank":7188,"Employment Decile":3,"Education Skills and Training Rank":4857,"Education Skills and Training Decile":2,"Health Deprivation and Disability Rank":5600,"Health Deprivation and Disability Decile":2,"Crime Rank":6643,"Crime Decile":2,"Barriers to Housing and Services Rank":21830,"Barriers to Housing and Services Decile":7,"Living Environment Rank":21294,"Living Environment Decile":7,"Income Deprivation Affecting Children Index (IDACI) Rank":9142,"Income Deprivation Affecting Children Index (IDACI) Decile":3,"Income Deprivation Affecting Older People (IDAOPI) Rank":15104,"Income Deprivation Affecting Older People (IDAOPI) Decile":5},"geometry":null},{"type":"Feature","properties":{"LSOA code (2021)":"E01007404","LSOA name (2021)":"Barnsley 009D","Local Authority District code (2024)":"E08000016","Local Authority District name (2024)":"Barnsley","Index of Multiple Deprivation (IMD) Rank":17415,"Index of Multiple Deprivation (IMD) Decile":6,"Income Rank":20932,"Income Decile":7,"Employment Rank":13993,"Employment Decile":5,"Education Skills and Training Rank":11328,"Education Skills and Training Decile":4,"Health Deprivation and Disability Rank":8616,"Health Deprivation and Disability Decile":3,"Crime Rank":14668,"Crime Decile":5,"Barriers to Housing and Services Rank":25285,"Barriers to Housing and Services Decile":8,"Living Environment Rank":31249,"Living Environment Decile":10,"Income Deprivation Affecting Children Index (IDACI) Rank":14727,"Income Deprivation Affecting Children Index (IDACI) Decile":5,"Income Deprivation Affecting Older People (IDAOPI) Rank":25404,"Income Deprivation Affecting Older People (IDAOPI) Decile":8},"geometry":null},{"type":"Feature","properties":{"LSOA code (2021)":"E01007344","LSOA name (2021)":"Barnsley 011A","Local Authority District code (2024)":"E08000016","Local Authority District name (2024)":"Barnsley","Index of Multiple Deprivation (IMD) Rank":10932,"Index of Multiple Deprivation (IMD) Decile":4,"Income Rank":13525,"Income Decile":5,"Employment Rank":10810,"Employment Decile":4,"Education Skills and Training Rank":8305,"Education Skills and Training Decile":3,"Health Deprivation and Disability Rank":5590,"Health Deprivation and Disability Decile":2,"Crime Rank":11014,"Crime Decile":4,"Barriers to Housing and Services Rank":16990,"Barriers to Housing and Services Decile":6,"Living Environment Rank":16519,"Living Environment Decile":5,"Income Deprivation Affecting Children Index (IDACI) Rank":13220,"Income Deprivation Affecting Children Index (IDACI) Decile":4,"Income Deprivation Affecting Older People (IDAOPI) Rank":16471,"Income Deprivation Affecting Older People (IDAOPI) Decile":5},"geometry":null},{"type":"Feature","properties":{"LSOA code (2021)":"E01007343","LSOA name (2021)":"Barnsley 003D","Local Authority District code (2024)":"E08000016","Local Authority District name (2024)":"Barnsley","Index of Multiple Deprivation (IMD) Rank":4592,"Index of Multiple Deprivation (IMD) Decile":2,"Income Rank":6897,"Income Decile":3,"Employment Rank":4097,"Employment Decile":2,"Education Skills and Training Rank":3737,"Education Skills and Training Decile":2,"Health Deprivation and Disability Rank":1191,"Health Deprivation and Disability Decile":1,"Crime Rank":9736,"Crime Decile":3,"Barriers to Housing and Services Rank":18813,"Barriers to Housing and Services Decile":6,"Living Environment Rank":14911,"Living Environment Decile":5,"Income Deprivation Affecting Children Index (IDACI) Rank":8428,"Income Deprivation Affecting Children Index (IDACI) Decile":3,"Income Deprivation Affecting Older People (IDAOPI) Rank":7252,"Income Deprivation Affecting Older People (IDAOPI) Decile":3},"geometry":null},{"type":"Feature","properties":{"LSOA code (2021)":"E01007346","LSOA name (2021)":"Barnsley 008C","Local Authority District code (2024)":"E08000016","Local Authority District name (2024)":"Barnsley","Index of Multiple Deprivation (IMD) Rank":8925,"Index of Multiple Deprivation (IMD) Decile":3,"Income Rank":11772,"Income Decile":4,"Employment Rank":7532,"Employment Decile":3,"Education Skills and Training Rank":6661,"Education Skills and Training Decile":2,"Health Deprivation and Disability Rank":4382,"Health Deprivation and Disability Decile":2,"Crime Rank":11635,"Crime Decile":4,"Barriers to Housing and Services Rank":17644,"Barriers to Housing and Services Decile":6,"Living Environment Rank":18191,"Living Environment Decile":6,"Income Deprivation Affecting Children Index (IDACI) Rank":13652,"Income Deprivation Affecting Children Index (IDACI) Decile":5,"Income Deprivation Affecting Older People (IDAOPI) Rank":13194,"Income Deprivation Affecting Older People (IDAOPI) Decile":4},"geometry":null},{"type":"Feature","properties":{"LSOA code (2021)":"E01007402","LSOA name (2021)":"Barnsley 011B","Local Authority District code (2024)":"E08000016","Local Authority District name (2024)":"Barnsley","Index of Multiple Deprivation (IMD) Rank":1647,"Index of Multiple Deprivation (IMD) Decile":1,"Income Rank":2126,"Income Decile":1,"Employment Rank":1596,"Employment Decile":1,"Education Skills and Training Rank":921,"Education Skills and Training Decile":1,"Health Deprivation and Disability Rank":1169,"Health Deprivation and Disability Decile":1,"Crime Rank":3172,"Crime Decile":1,"Barriers to Housing and Services Rank":14844,"Barriers to Housing and Services Decile":5,"Living Environment Rank":26086,"Living Environment Decile":8,"Income Deprivation Affecting Children Index (IDACI) Rank":2273,"Income Deprivation Affecting Children Index (IDACI) Decile":1,"Income Deprivation Affecting Older People (IDAOPI) Rank":4898,"Income Deprivation Affecting Older People (IDAOPI) Decile":2},"geometry":null},{"type":"Feature","properties":{"LSOA code (2021)":"E01007335","LSOA name (2021)":"Barnsley 009B","Local Authority District code (2024)":"E08000016","Local Authority District name (2024)":"Barnsley","Index of Multiple Deprivation (IMD) Rank":17530,"Index of Multiple Deprivation (IMD) Decile":6,"Income Rank":20251,"Income Decile":6,"Employment Rank":15377,"Employment Decile":5,"Education Skills and Training Rank":15913,"Education Skills and Training Decile":5,"Health Deprivation and Disability Rank":6438,"Health Deprivation and Disability Decile":2,"Crime Rank":12929,"Crime Decile":4,"Barriers to Housing and Services Rank":29964,"Barriers to Housing and Services Decile":9,"Living Environment Rank":25230,"Living Environment Decile":8,"Income Deprivation Affecting Children Index (IDACI) Rank":18367,"Income Deprivation Affecting Children Index (IDACI) Decile":6,"Income Deprivation Affecting Older People (IDAOPI) Rank":23641,"Income Deprivation Affecting Older People (IDAOPI) Decile":8},"geometry":null},{"type":"Feature","properties":{"LSOA code (2021)":"E01007403","LSOA name (2021)":"Barnsley 011C","Local Authority District code (2024)":"E08000016","Local Authority District name (2024)":"Barnsley","Index of Multiple Deprivation (IMD) Rank":459,"Index of Multiple Deprivation (IMD) Decile":1,"Income Rank":1103,"Income Decile":1,"Employment Rank":604,"Employment Decile":1,"Education Skills and Training Rank":291,"Education Skills and Training Decile":1,"Health Deprivation and Disability Rank":244,"Health Deprivation and Disability Decile":1,"Crime Rank":913,"Crime Decile":1,"Barriers to Housing and Services Rank":18715,"Barriers to Housing and Services Decile":6,"Living Environment Rank":25495,"Living Environment Decile":8,"Income Deprivation Affecting Children Index (IDACI) Rank":1526,"Income Deprivation Affecting Children Index (IDACI) Decile":1,"Income Deprivation Affecting Older People (IDAOPI) Rank":3971,"Income Deprivation Affecting Older People (IDAOPI) Decile":2},"geometry":null},{"type":"Feature","properties":{"LSOA code (2021)":"E01007319","LSOA name (2021)":"Barnsley 015A","Local Authority District code (2024)":"E08000016","Local Authority District name (2024)":"Barnsley","Index of Multiple Deprivation (IMD) Rank":20368,"Index of Multiple Deprivation (IMD) Decile":7,"Income Rank":22896,"Income Decile":7,"Employment Rank":18114,"Employment Decile":6,"Education Skills and Training Rank":20699,"Education Skills and Training Decile":7,"Health Deprivation and Disability Rank":12770,"Health Deprivation and Disability Decile":4,"Crime Rank":7655,"Crime Decile":3,"Barriers to Housing and Services Rank":23619,"Barriers to Housing and Services Decile":7,"Living Environment Rank":25228,"Living Environment Decile":8,"Income Deprivation Affecting Children Index (IDACI) Rank":20088,"Income Deprivation Affecting Children Index (IDACI) Decile":6,"Income Deprivation Affecting Older People (IDAOPI) Rank":26191,"Income Deprivation Affecting Older People (IDAOPI) Decile":8},"geometry":null},{"type":"Feature","properties":{"LSOA code (2021)":"E01007321","LSOA name (2021)":"Barnsley 015B","Local Authority District code (2024)":"E08000016","Local Authority District name (2024)":"Barnsley","Index of Multiple Deprivation (IMD) Rank":26106,"Index of Multiple Deprivation (IMD) Decile":8,"Income Rank":28479,"Income Decile":9,"Employment Rank":20212,"Employment Decile":6,"Education Skills and Training Rank":18778,"Education Skills and Training Decile":6,"Health Deprivation and Disability Rank":18710,"Health Deprivation and Disability Decile":6,"Crime Rank":27464,"Crime Decile":9,"Barriers to Housing and Services Rank":19539,"Barriers to Housing and Services Decile":6,"Living Environment Rank":27520,"Living Environment Decile":9,"Income Deprivation Affecting Children Index (IDACI) Rank":24429,"Income Deprivation Affecting Children Index (IDACI) Decile":8,"Income Deprivation Affecting Older People (IDAOPI) Rank":29038,"Income Deprivation Affecting Older People (IDAOPI) Decile":9},"geometry":null},{"type":"Feature","properties":{"LSOA code (2021)":"E01007427","LSOA name (2021)":"Barnsley 024A","Local Authority District code (2024)":"E08000016","Local Authority District name (2024)":"Barnsley","Index of Multiple Deprivation (IMD) Rank":19275,"Index of Multiple Deprivation (IMD) Decile":6,"Income Rank":18384,"Income Decile":6,"Employment Rank":16891,"Employment Decile":6,"Education Skills and Training Rank":20925,"Education Skills and Training Decile":7,"Health Deprivation and Disability Rank":12866,"Health Deprivation and Disability Decile":4,"Crime Rank":25246,"Crime Decile":8,"Barriers to Housing and Services Rank":12541,"Barriers to Housing and Services Decile":4,"Living Environment Rank":17559,"Living Environment Decile":6,"Income Deprivation Affecting Children Index (IDACI) Rank":18387,"Income Deprivation Affecting Children Index (IDACI) Decile":6,"Income Deprivation Affecting Older People (IDAOPI) Rank":19359,"Income Deprivation Affecting Older People (IDAOPI) Decile":6},"geometry":null},{"type":"Feature","properties":{"LSOA code (2021)":"E01007428","LSOA name (2021)":"Barnsley 024B","Local Authority District code (2024)":"E08000016","Local Authority District name (2024)":"Barnsley","Index of Multiple Deprivation (IMD) Rank":24377,"Index of Multiple Deprivation (IMD) Decile":8,"Income Rank":25420,"Income Decile":8,"Employment Rank":25159,"Employment Decile":8,"Education Skills and Training Rank":29837,"Education Skills and Training Decile":9,"Health Deprivation and Disability Rank":15565,"Health Deprivation and Disability Decile":5,"Crime Rank":17734,"Crime Decile":6,"Barriers to Housing and Services Rank":16406,"Barriers to Housing and Services Decile":5,"Living Environment Rank":13222,"Living Environment Decile":4,"Income Deprivation Affecting Children Index (IDACI) Rank":25361,"Income Deprivation Affecting Children Index (IDACI) Decile":8,"Income Deprivation Affecting Older People (IDAOPI) Rank":26635,"Income Deprivation Affecting Older People (IDAOPI) Decile":8},"geometry":null},{"type":"Feature","properties":{"LSOA code (2021)":"E01007432","LSOA name (2021)":"Barnsley 024F","Local Authority District code (2024)":"E08000016","Local Authority District name (2024)":"Barnsley","Index of Multiple Deprivation (IMD) Rank":26495,"Index of Multiple Deprivation (IMD) Decile":8,"Income Rank":21058,"Income Decile":7,"Employment Rank":25149,"Employment Decile":8,"Education Skills and Training Rank":27127,"Education Skills and Training Decile":9,"Health Deprivation and Disability Rank":14538,"Health Deprivation and Disability Decile":5,"Crime Rank":30035,"Crime Decile":9,"Barriers to Housing and Services Rank":18757,"Barriers to Housing and Services Decile":6,"Living Environment Rank":31411,"Living Environment Decile":10,"Income Deprivation Affecting Children Index (IDACI) Rank":20145,"Income Deprivation Affecting Children Index (IDACI) Decile":6,"Income Deprivation Affecting Older People (IDAOPI) Rank":19876,"Income Deprivation Affecting Older People (IDAOPI) Decile":6},"geometry":null},{"type":"Feature","properties":{"LSOA code (2021)":"E01007429","LSOA name (2021)":"Barnsley 024C","Local Authority District code (2024)":"E08000016","Local Authority District name (2024)":"Barnsley","Index of Multiple Deprivation (IMD) Rank":9649,"Index of Multiple Deprivation (IMD) Decile":3,"Income Rank":8561,"Income Decile":3,"Employment Rank":6255,"Employment Decile":2,"Education Skills and Training Rank":10994,"Education Skills and Training Decile":4,"Health Deprivation and Disability Rank":5536,"Health Deprivation and Disability Decile":2,"Crime Rank":16537,"Crime Decile":5,"Barriers to Housing and Services Rank":22322,"Barriers to Housing and Services Decile":7,"Living Environment Rank":22251,"Living Environment Decile":7,"Income Deprivation Affecting Children Index (IDACI) Rank":8785,"Income Deprivation Affecting Children Index (IDACI) Decile":3,"Income Deprivation Affecting Older People (IDAOPI) Rank":9705,"Income Deprivation Affecting Older People (IDAOPI) Decile":3},"geometry":null},{"type":"Feature","properties":{"LSOA code (2021)":"E01007426","LSOA name (2021)":"Barnsley 027D","Local Authority District code (2024)":"E08000016","Local Authority District name (2024)":"Barnsley","Index of Multiple Deprivation (IMD) Rank":17837,"Index of Multiple Deprivation (IMD) Decile":6,"Income Rank":23697,"Income Decile":8,"Employment Rank":21393,"Employment Decile":7,"Education Skills and Training Rank":24401,"Education Skills and Training Decile":8,"Health Deprivation and Disability Rank":15231,"Health Deprivation and Disability Decile":5,"Crime Rank":20330,"Crime Decile":7,"Barriers to Housing and Services Rank":2796,"Barriers to Housing and Services Decile":1,"Living Environment Rank":9099,"Living Environment Decile":3,"Income Deprivation Affecting Children Index (IDACI) Rank":25555,"Income Deprivation Affecting Children Index (IDACI) Decile":8,"Income Deprivation Affecting Older People (IDAOPI) Rank":21384,"Income Deprivation Affecting Older People (IDAOPI) Decile":7},"geometry":null},{"type":"Feature","properties":{"LSOA code (2021)":"E01007431","LSOA name (2021)":"Barnsley 024E","Local Authority District code (2024)":"E08000016","Local Authority District name (2024)":"Barnsley","Index of Multiple Deprivation (IMD) Rank":23924,"Index of Multiple Deprivation (IMD) Decile":8,"Income Rank":22007,"Income Decile":7,"Employment Rank":20314,"Employment Decile":7,"Education Skills and Training Rank":19737,"Education Skills and Training Decile":6,"Health Deprivation and Disability Rank":14688,"Health Deprivation and Disability Decile":5,"Crime Rank":29794,"Crime Decile":9,"Barriers to Housing and Services Rank":16002,"Barriers to Housing and Services Decile":5,"Living Environment Rank":32021,"Living Environment Decile":10,"Income Deprivation Affecting Children Index (IDACI) Rank":22694,"Income Deprivation Affecting Children Index (IDACI) Decile":7,"Income Deprivation Affecting Older People (IDAOPI) Rank":22443,"Income Deprivation Affecting Older People (IDAOPI) Decile":7},"geometry":null},{"type":"Feature","properties":{"LSOA code (2021)":"E01007430","LSOA name (2021)":"Barnsley 024D","Local Authority District code (2024)":"E08000016","Local Authority District name (2024)":"Barnsley","Index of Multiple Deprivation (IMD) Rank":31366,"Index of Multiple Deprivation (IMD) Decile":10,"Income Rank":27186,"Income Decile":9,"Employment Rank":29334,"Employment Decile":9,"Education Skills and Training Rank":31307,"Education Skills and Training Decile":10,"Health Deprivation and Disability Rank":23235,"Health Deprivation and Disability Decile":7,"Crime Rank":29388,"Crime Decile":9,"Barriers to Housing and Services Rank":21780,"Barriers to Housing and Services Decile":7,"Living Environment Rank":31288,"Living Environment Decile":10,"Income Deprivation Affecting Children Index (IDACI) Rank":28088,"Income Deprivation Affecting Children Index (IDACI) Decile":9,"Income Deprivation Affecting Older People (IDAOPI) Rank":25912,"Income Deprivation Affecting Older People (IDAOPI) Decile":8},"geometry":null},{"type":"Feature","properties":{"LSOA code (2021)":"E01007420","LSOA name (2021)":"Barnsley 016C","Local Authority District code (2024)":"E08000016","Local Authority District name (2024)":"Barnsley","Index of Multiple Deprivation (IMD) Rank":25609,"Index of Multiple Deprivation (IMD) Decile":8,"Income Rank":21708,"Income Decile":7,"Employment Rank":23996,"Employment Decile":8,"Education Skills and Training Rank":29424,"Education Skills and Training Decile":9,"Health Deprivation and Disability Rank":15262,"Health Deprivation and Disability Decile":5,"Crime Rank":30949,"Crime Decile":10,"Barriers to Housing and Services Rank":11248,"Barriers to Housing and Services Decile":4,"Living Environment Rank":31184,"Living Environment Decile":10,"Income Deprivation Affecting Children Index (IDACI) Rank":21102,"Income Deprivation Affecting Children Index (IDACI) Decile":7,"Income Deprivation Affecting Older People (IDAOPI) Rank":19572,"Income Deprivation Affecting Older People (IDAOPI) Decile":6},"geometry":null},{"type":"Feature","properties":{"LSOA code (2021)":"E01007422","LSOA name (2021)":"Barnsley 027B","Local Authority District code (2024)":"E08000016","Local Authority District name (2024)":"Barnsley","Index of Multiple Deprivation (IMD) Rank":24590,"Index of Multiple Deprivation (IMD) Decile":8,"Income Rank":26691,"Income Decile":8,"Employment Rank":22149,"Employment Decile":7,"Education Skills and Training Rank":29252,"Education Skills and Training Decile":9,"Health Deprivation and Disability Rank":18960,"Health Deprivation and Disability Decile":6,"Crime Rank":30362,"Crime Decile":9,"Barriers to Housing and Services Rank":8912,"Barriers to Housing and Services Decile":3,"Living Environment Rank":14394,"Living Environment Decile":5,"Income Deprivation Affecting Children Index (IDACI) Rank":27414,"Income Deprivation Affecting Children Index (IDACI) Decile":9,"Income Deprivation Affecting Older People (IDAOPI) Rank":24616,"Income Deprivation Affecting Older People (IDAOPI) Decile":8},"geometry":null},{"type":"Feature","properties":{"LSOA code (2021)":"E01007421","LSOA name (2021)":"Barnsley 027A","Local Authority District code (2024)":"E08000016","Local Authority District name (2024)":"Barnsley","Index of Multiple Deprivation (IMD) Rank":19455,"Index of Multiple Deprivation (IMD) Decile":6,"Income Rank":23730,"Income Decile":8,"Employment Rank":25445,"Employment Decile":8,"Education Skills and Training Rank":27118,"Education Skills and Training Decile":9,"Health Deprivation and Disability Rank":17405,"Health Deprivation and Disability Decile":6,"Crime Rank":16750,"Crime Decile":5,"Barriers to Housing and Services Rank":3877,"Barriers to Housing and Services Decile":2,"Living Environment Rank":7773,"Living Environment Decile":3,"Income Deprivation Affecting Children Index (IDACI) Rank":22933,"Income Deprivation Affecting Children Index (IDACI) Decile":7,"Income Deprivation Affecting Older People (IDAOPI) Rank":25108,"Income Deprivation Affecting Older People (IDAOPI) Decile":8},"geometry":null},{"type":"Feature","properties":{"LSOA code (2021)":"E01007423","LSOA name (2021)":"Barnsley 027C","Local Authority District code (2024)":"E08000016","Local Authority District name (2024)":"Barnsley","Index of Multiple Deprivation (IMD) Rank":19151,"Index of Multiple Deprivation (IMD) Decile":6,"Income Rank":19356,"Income Decile":6,"Employment Rank":20225,"Employment Decile":6,"Education Skills and Training Rank":24579,"Education Skills and Training Decile":8,"Health Deprivation and Disability Rank":14070,"Health Deprivation and Disability Decile":5,"Crime Rank":21784,"Crime Decile":7,"Barriers to Housing and Services Rank":6479,"Barriers to Housing and Services Decile":2,"Living Environment Rank":14637,"Living Environment Decile":5,"Income Deprivation Affecting Children Index (IDACI) Rank":20287,"Income Deprivation Affecting Children Index (IDACI) Decile":7,"Income Deprivation Affecting Older People (IDAOPI) Rank":16058,"Income Deprivation Affecting Older People (IDAOPI) Decile":5},"geometry":null},{"type":"Feature","properties":{"LSOA code (2021)":"E01007385","LSOA name (2021)":"Barnsley 019D","Local Authority District code (2024)":"E08000016","Local Authority District name (2024)":"Barnsley","Index of Multiple Deprivation (IMD) Rank":4850,"Index of Multiple Deprivation (IMD) Decile":2,"Income Rank":7979,"Income Decile":3,"Employment Rank":3777,"Employment Decile":2,"Education Skills and Training Rank":7694,"Education Skills and Training Decile":3,"Health Deprivation and Disability Rank":655,"Health Deprivation and Disability Decile":1,"Crime Rank":9953,"Crime Decile":3,"Barriers to Housing and Services Rank":9731,"Barriers to Housing and Services Decile":3,"Living Environment Rank":24427,"Living Environment Decile":8,"Income Deprivation Affecting Children Index (IDACI) Rank":9064,"Income Deprivation Affecting Children Index (IDACI) Decile":3,"Income Deprivation Affecting Older People (IDAOPI) Rank":10636,"Income Deprivation Affecting Older People (IDAOPI) Decile":4},"geometry":null},{"type":"Feature","properties":{"LSOA code (2021)":"E01007383","LSOA name (2021)":"Barnsley 019B","Local Authority District code (2024)":"E08000016","Local Authority District name (2024)":"Barnsley","Index of Multiple Deprivation (IMD) Rank":27239,"Index of Multiple Deprivation (IMD) Decile":9,"Income Rank":23360,"Income Decile":7,"Employment Rank":25016,"Employment Decile":8,"Education Skills and Training Rank":25817,"Education Skills and Training Decile":8,"Health Deprivation and Disability Rank":16552,"Health Deprivation and Disability Decile":5,"Crime Rank":28258,"Crime Decile":9,"Barriers to Housing and Services Rank":18382,"Barriers to Housing and Services Decile":6,"Living Environment Rank":31719,"Living Environment Decile":10,"Income Deprivation Affecting Children Index (IDACI) Rank":20863,"Income Deprivation Affecting Children Index (IDACI) Decile":7,"Income Deprivation Affecting Older People (IDAOPI) Rank":23797,"Income Deprivation Affecting Older People (IDAOPI) Decile":8},"geometry":null},{"type":"Feature","properties":{"LSOA code (2021)":"E01007415","LSOA name (2021)":"Barnsley 013C","Local Authority District code (2024)":"E08000016","Local Authority District name (2024)":"Barnsley","Index of Multiple Deprivation (IMD) Rank":11074,"Index of Multiple Deprivation (IMD) Decile":4,"Income Rank":14695,"Income Decile":5,"Employment Rank":8776,"Employment Decile":3,"Education Skills and Training Rank":13599,"Education Skills and Training Decile":5,"Health Deprivation and Disability Rank":5032,"Health Deprivation and Disability Decile":2,"Crime Rank":7647,"Crime Decile":3,"Barriers to Housing and Services Rank":30600,"Barriers to Housing and Services Decile":10,"Living Environment Rank":11156,"Living Environment Decile":4,"Income Deprivation Affecting Children Index (IDACI) Rank":18262,"Income Deprivation Affecting Children Index (IDACI) Decile":6,"Income Deprivation Affecting Older People (IDAOPI) Rank":13156,"Income Deprivation Affecting Older People (IDAOPI) Decile":4},"geometry":null},{"type":"Feature","properties":{"LSOA code (2021)":"E01007414","LSOA name (2021)":"Barnsley 017D","Local Authority District code (2024)":"E08000016","Local Authority District name (2024)":"Barnsley","Index of Multiple Deprivation (IMD) Rank":6489,"Index of Multiple Deprivation (IMD) Decile":2,"Income Rank":9188,"Income Decile":3,"Employment Rank":6377,"Employment Decile":2,"Education Skills and Training Rank":7152,"Education Skills and Training Decile":3,"Health Deprivation and Disability Rank":2077,"Health Deprivation and Disability Decile":1,"Crime Rank":3020,"Crime Decile":1,"Barriers to Housing and Services Rank":31144,"Barriers to Housing and Services Decile":10,"Living Environment Rank":17410,"Living Environment Decile":6,"Income Deprivation Affecting Children Index (IDACI) Rank":10806,"Income Deprivation Affecting Children Index (IDACI) Decile":4,"Income Deprivation Affecting Older People (IDAOPI) Rank":9058,"Income Deprivation Affecting Older People (IDAOPI) Decile":3},"geometry":null},{"type":"Feature","properties":{"LSOA code (2021)":"E01007463","LSOA name (2021)":"Barnsley 021F","Local Authority District code (2024)":"E08000016","Local Authority District name (2024)":"Barnsley","Index of Multiple Deprivation (IMD) Rank":481,"Index of Multiple Deprivation (IMD) Decile":1,"Income Rank":1479,"Income Decile":1,"Employment Rank":351,"Employment Decile":1,"Education Skills and Training Rank":355,"Education Skills and Training Decile":1,"Health Deprivation and Disability Rank":69,"Health Deprivation and Disability Decile":1,"Crime Rank":1651,"Crime Decile":1,"Barriers to Housing and Services Rank":28244,"Barriers to Housing and Services Decile":9,"Living Environment Rank":20196,"Living Environment Decile":6,"Income Deprivation Affecting Children Index (IDACI) Rank":1450,"Income Deprivation Affecting Children Index (IDACI) Decile":1,"Income Deprivation Affecting Older People (IDAOPI) Rank":3606,"Income Deprivation Affecting Older People (IDAOPI) Decile":2},"geometry":null},{"type":"Feature","properties":{"LSOA code (2021)":"E01007459","LSOA name (2021)":"Barnsley 021B","Local Authority District code (2024)":"E08000016","Local Authority District name (2024)":"Barnsley","Index of Multiple Deprivation (IMD) Rank":13803,"Index of Multiple Deprivation (IMD) Decile":5,"Income Rank":17581,"Income Decile":6,"Employment Rank":9439,"Employment Decile":3,"Education Skills and Training Rank":15731,"Education Skills and Training Decile":5,"Health Deprivation and Disability Rank":5606,"Health Deprivation and Disability Decile":2,"Crime Rank":13814,"Crime Decile":5,"Barriers to Housing and Services Rank":27485,"Barriers to Housing and Services Decile":9,"Living Environment Rank":17346,"Living Environment Decile":6,"Income Deprivation Affecting Children Index (IDACI) Rank":15878,"Income Deprivation Affecting Children Index (IDACI) Decile":5,"Income Deprivation Affecting Older People (IDAOPI) Rank":23081,"Income Deprivation Affecting Older People (IDAOPI) Decile":7},"geometry":null},{"type":"Feature","properties":{"LSOA code (2021)":"E01007460","LSOA name (2021)":"Barnsley 021C","Local Authority District code (2024)":"E08000016","Local Authority District name (2024)":"Barnsley","Index of Multiple Deprivation (IMD) Rank":12786,"Index of Multiple Deprivation (IMD) Decile":4,"Income Rank":12812,"Income Decile":4,"Employment Rank":8838,"Employment Decile":3,"Education Skills and Training Rank":12830,"Education Skills and Training Decile":4,"Health Deprivation and Disability Rank":5910,"Health Deprivation and Disability Decile":2,"Crime Rank":16358,"Crime Decile":5,"Barriers to Housing and Services Rank":30338,"Barriers to Housing and Services Decile":9,"Living Environment Rank":21556,"Living Environment Decile":7,"Income Deprivation Affecting Children Index (IDACI) Rank":7458,"Income Deprivation Affecting Children Index (IDACI) Decile":3,"Income Deprivation Affecting Older People (IDAOPI) Rank":19170,"Income Deprivation Affecting Older People (IDAOPI) Decile":6},"geometry":null},{"type":"Feature","properties":{"LSOA code (2021)":"E01007458","LSOA name (2021)":"Barnsley 021A","Local Authority District code (2024)":"E08000016","Local Authority District name (2024)":"Barnsley","Index of Multiple Deprivation (IMD) Rank":6397,"Index of Multiple Deprivation (IMD) Decile":2,"Income Rank":10695,"Income Decile":4,"Employment Rank":8033,"Employment Decile":3,"Education Skills and Training Rank":5923,"Education Skills and Training Decile":2,"Health Deprivation and Disability Rank":1882,"Health Deprivation and Disability Decile":1,"Crime Rank":3410,"Crime Decile":2,"Barriers to Housing and Services Rank":29368,"Barriers to Housing and Services Decile":9,"Living Environment Rank":8525,"Living Environment Decile":3,"Income Deprivation Affecting Children Index (IDACI) Rank":7210,"Income Deprivation Affecting Children Index (IDACI) Decile":3,"Income Deprivation Affecting Older People (IDAOPI) Rank":15914,"Income Deprivation Affecting Older People (IDAOPI) Decile":5},"geometry":null},{"type":"Feature","properties":{"LSOA code (2021)":"E01007461","LSOA name (2021)":"Barnsley 021D","Local Authority District code (2024)":"E08000016","Local Authority District name (2024)":"Barnsley","Index of Multiple Deprivation (IMD) Rank":4185,"Index of Multiple Deprivation (IMD) Decile":2,"Income Rank":6051,"Income Decile":2,"Employment Rank":3163,"Employment Decile":1,"Education Skills and Training Rank":6121,"Education Skills and Training Decile":2,"Health Deprivation and Disability Rank":1587,"Health Deprivation and Disability Decile":1,"Crime Rank":2262,"Crime Decile":1,"Barriers to Housing and Services Rank":30198,"Barriers to Housing and Services Decile":9,"Living Environment Rank":14426,"Living Environment Decile":5,"Income Deprivation Affecting Children Index (IDACI) Rank":6070,"Income Deprivation Affecting Children Index (IDACI) Decile":2,"Income Deprivation Affecting Older People (IDAOPI) Rank":5967,"Income Deprivation Affecting Older People (IDAOPI) Decile":2},"geometry":null},{"type":"Feature","properties":{"LSOA code (2021)":"E01007317","LSOA name (2021)":"Barnsley 018A","Local Authority District code (2024)":"E08000016","Local Authority District name (2024)":"Barnsley","Index of Multiple Deprivation (IMD) Rank":1805,"Index of Multiple Deprivation (IMD) Decile":1,"Income Rank":2808,"Income Decile":1,"Employment Rank":994,"Employment Decile":1,"Education Skills and Training Rank":1505,"Education Skills and Training Decile":1,"Health Deprivation and Disability Rank":1211,"Health Deprivation and Disability Decile":1,"Crime Rank":1924,"Crime Decile":1,"Barriers to Housing and Services Rank":28649,"Barriers to Housing and Services Decile":9,"Living Environment Rank":26763,"Living Environment Decile":8,"Income Deprivation Affecting Children Index (IDACI) Rank":2556,"Income Deprivation Affecting Children Index (IDACI) Decile":1,"Income Deprivation Affecting Older People (IDAOPI) Rank":4470,"Income Deprivation Affecting Older People (IDAOPI) Decile":2},"geometry":null},{"type":"Feature","properties":{"LSOA code (2021)":"E01007462","LSOA name (2021)":"Barnsley 021E","Local Authority District code (2024)":"E08000016","Local Authority District name (2024)":"Barnsley","Index of Multiple Deprivation (IMD) Rank":2585,"Index of Multiple Deprivation (IMD) Decile":1,"Income Rank":2955,"Income Decile":1,"Employment Rank":2470,"Employment Decile":1,"Education Skills and Training Rank":2883,"Education Skills and Training Decile":1,"Health Deprivation and Disability Rank":1863,"Health Deprivation and Disability Decile":1,"Crime Rank":634,"Crime Decile":1,"Barriers to Housing and Services Rank":28023,"Barriers to Housing and Services Decile":9,"Living Environment Rank":25261,"Living Environment Decile":8,"Income Deprivation Affecting Children Index (IDACI) Rank":2612,"Income Deprivation Affecting Children Index (IDACI) Decile":1,"Income Deprivation Affecting Older People (IDAOPI) Rank":6809,"Income Deprivation Affecting Older People (IDAOPI) Decile":3},"geometry":null},{"type":"Feature","properties":{"LSOA code (2021)":"E01007399","LSOA name (2021)":"Barnsley 028D","Local Authority District code (2024)":"E08000016","Local Authority District name (2024)":"Barnsley","Index of Multiple Deprivation (IMD) Rank":17054,"Index of Multiple Deprivation (IMD) Decile":6,"Income Rank":16791,"Income Decile":5,"Employment Rank":17460,"Employment Decile":6,"Education Skills and Training Rank":19076,"Education Skills and Training Decile":6,"Health Deprivation and Disability Rank":10275,"Health Deprivation and Disability Decile":4,"Crime Rank":14577,"Crime Decile":5,"Barriers to Housing and Services Rank":25884,"Barriers to Housing and Services Decile":8,"Living Environment Rank":9302,"Living Environment Decile":3,"Income Deprivation Affecting Children Index (IDACI) Rank":17444,"Income Deprivation Affecting Children Index (IDACI) Decile":6,"Income Deprivation Affecting Older People (IDAOPI) Rank":15001,"Income Deprivation Affecting Older People (IDAOPI) Decile":5},"geometry":null},{"type":"Feature","properties":{"LSOA code (2021)":"E01007397","LSOA name (2021)":"Barnsley 028B","Local Authority District code (2024)":"E08000016","Local Authority District name (2024)":"Barnsley","Index of Multiple Deprivation (IMD) Rank":8245,"Index of Multiple Deprivation (IMD) Decile":3,"Income Rank":10239,"Income Decile":4,"Employment Rank":7578,"Employment Decile":3,"Education Skills and Training Rank":12172,"Education Skills and Training Decile":4,"Health Deprivation and Disability Rank":2852,"Health Deprivation and Disability Decile":1,"Crime Rank":5225,"Crime Decile":2,"Barriers to Housing and Services Rank":29613,"Barriers to Housing and Services Decile":9,"Living Environment Rank":12689,"Living Environment Decile":4,"Income Deprivation Affecting Children Index (IDACI) Rank":14699,"Income Deprivation Affecting Children Index (IDACI) Decile":5,"Income Deprivation Affecting Older People (IDAOPI) Rank":8646,"Income Deprivation Affecting Older People (IDAOPI) Decile":3},"geometry":null},{"type":"Feature","properties":{"LSOA code (2021)":"E01007390","LSOA name (2021)":"Barnsley 030B","Local Authority District code (2024)":"E08000016","Local Authority District name (2024)":"Barnsley","Index of Multiple Deprivation (IMD) Rank":14216,"Index of Multiple Deprivation (IMD) Decile":5,"Income Rank":15520,"Income Decile":5,"Employment Rank":12602,"Employment Decile":4,"Education Skills and Training Rank":11081,"Education Skills and Training Decile":4,"Health Deprivation and Disability Rank":10183,"Health Deprivation and Disability Decile":4,"Crime Rank":5958,"Crime Decile":2,"Barriers to Housing and Services Rank":30944,"Barriers to Housing and Services Decile":10,"Living Environment Rank":21632,"Living Environment Decile":7,"Income Deprivation Affecting Children Index (IDACI) Rank":12300,"Income Deprivation Affecting Children Index (IDACI) Decile":4,"Income Deprivation Affecting Older People (IDAOPI) Rank":21327,"Income Deprivation Affecting Older People (IDAOPI) Decile":7},"geometry":null},{"type":"Feature","properties":{"LSOA code (2021)":"E01007396","LSOA name (2021)":"Barnsley 028A","Local Authority District code (2024)":"E08000016","Local Authority District name (2024)":"Barnsley","Index of Multiple Deprivation (IMD) Rank":9852,"Index of Multiple Deprivation (IMD) Decile":3,"Income Rank":13508,"Income Decile":5,"Employment Rank":10325,"Employment Decile":4,"Education Skills and Training Rank":12279,"Education Skills and Training Decile":4,"Health Deprivation and Disability Rank":4771,"Health Deprivation and Disability Decile":2,"Crime Rank":9659,"Crime Decile":3,"Barriers to Housing and Services Rank":29117,"Barriers to Housing and Services Decile":9,"Living Environment Rank":3523,"Living Environment Decile":2,"Income Deprivation Affecting Children Index (IDACI) Rank":13595,"Income Deprivation Affecting Children Index (IDACI) Decile":5,"Income Deprivation Affecting Older People (IDAOPI) Rank":12777,"Income Deprivation Affecting Older People (IDAOPI) Decile":4},"geometry":null},{"type":"Feature","properties":{"LSOA code (2021)":"E01007320","LSOA name (2021)":"Barnsley 018C","Local Authority District code (2024)":"E08000016","Local Authority District name (2024)":"Barnsley","Index of Multiple Deprivation (IMD) Rank":3166,"Index of Multiple Deprivation (IMD) Decile":1,"Income Rank":3758,"Income Decile":2,"Employment Rank":2332,"Employment Decile":1,"Education Skills and Training Rank":3302,"Education Skills and Training Decile":1,"Health Deprivation and Disability Rank":1842,"Health Deprivation and Disability Decile":1,"Crime Rank":2600,"Crime Decile":1,"Barriers to Housing and Services Rank":29200,"Barriers to Housing and Services Decile":9,"Living Environment Rank":17031,"Living Environment Decile":6,"Income Deprivation Affecting Children Index (IDACI) Rank":3550,"Income Deprivation Affecting Children Index (IDACI) Decile":2,"Income Deprivation Affecting Older People (IDAOPI) Rank":7329,"Income Deprivation Affecting Older People (IDAOPI) Decile":3},"geometry":null},{"type":"Feature","properties":{"LSOA code (2021)":"E01007395","LSOA name (2021)":"Barnsley 030E","Local Authority District code (2024)":"E08000016","Local Authority District name (2024)":"Barnsley","Index of Multiple Deprivation (IMD) Rank":4888,"Index of Multiple Deprivation (IMD) Decile":2,"Income Rank":4616,"Income Decile":2,"Employment Rank":4135,"Employment Decile":2,"Education Skills and Training Rank":2840,"Education Skills and Training Decile":1,"Health Deprivation and Disability Rank":3845,"Health Deprivation and Disability Decile":2,"Crime Rank":7122,"Crime Decile":3,"Barriers to Housing and Services Rank":22876,"Barriers to Housing and Services Decile":7,"Living Environment Rank":22450,"Living Environment Decile":7,"Income Deprivation Affecting Children Index (IDACI) Rank":5597,"Income Deprivation Affecting Children Index (IDACI) Decile":2,"Income Deprivation Affecting Older People (IDAOPI) Rank":7191,"Income Deprivation Affecting Older People (IDAOPI) Decile":3},"geometry":null},{"type":"Feature","properties":{"LSOA code (2021)":"E01007398","LSOA name (2021)":"Barnsley 028C","Local Authority District code (2024)":"E08000016","Local Authority District name (2024)":"Barnsley","Index of Multiple Deprivation (IMD) Rank":15674,"Index of Multiple Deprivation (IMD) Decile":5,"Income Rank":18232,"Income Decile":6,"Employment Rank":12575,"Employment Decile":4,"Education Skills and Training Rank":13347,"Education Skills and Training Decile":4,"Health Deprivation and Disability Rank":8924,"Health Deprivation and Disability Decile":3,"Crime Rank":14533,"Crime Decile":5,"Barriers to Housing and Services Rank":19058,"Barriers to Housing and Services Decile":6,"Living Environment Rank":22495,"Living Environment Decile":7,"Income Deprivation Affecting Children Index (IDACI) Rank":17498,"Income Deprivation Affecting Children Index (IDACI) Decile":6,"Income Deprivation Affecting Older People (IDAOPI) Rank":21342,"Income Deprivation Affecting Older People (IDAOPI) Decile":7},"geometry":null},{"type":"Feature","properties":{"LSOA code (2021)":"E01007457","LSOA name (2021)":"Barnsley 029E","Local Authority District code (2024)":"E08000016","Local Authority District name (2024)":"Barnsley","Index of Multiple Deprivation (IMD) Rank":8157,"Index of Multiple Deprivation (IMD) Decile":3,"Income Rank":9182,"Income Decile":3,"Employment Rank":7754,"Employment Decile":3,"Education Skills and Training Rank":8139,"Education Skills and Training Decile":3,"Health Deprivation and Disability Rank":3762,"Health Deprivation and Disability Decile":2,"Crime Rank":7659,"Crime Decile":3,"Barriers to Housing and Services Rank":16662,"Barriers to Housing and Services Decile":5,"Living Environment Rank":21670,"Living Environment Decile":7,"Income Deprivation Affecting Children Index (IDACI) Rank":12513,"Income Deprivation Affecting Children Index (IDACI) Decile":4,"Income Deprivation Affecting Older People (IDAOPI) Rank":8835,"Income Deprivation Affecting Older People (IDAOPI) Decile":3},"geometry":null},{"type":"Feature","properties":{"LSOA code (2021)":"E01007448","LSOA name (2021)":"Barnsley 023B","Local Authority District code (2024)":"E08000016","Local Authority District name (2024)":"Barnsley","Index of Multiple Deprivation (IMD) Rank":7791,"Index of Multiple Deprivation (IMD) Decile":3,"Income Rank":10265,"Income Decile":4,"Employment Rank":9183,"Employment Decile":3,"Education Skills and Training Rank":6415,"Education Skills and Training Decile":2,"Health Deprivation and Disability Rank":6492,"Health Deprivation and Disability Decile":2,"Crime Rank":2752,"Crime Decile":1,"Barriers to Housing and Services Rank":28546,"Barriers to Housing and Services Decile":9,"Living Environment Rank":7607,"Living Environment Decile":3,"Income Deprivation Affecting Children Index (IDACI) Rank":9523,"Income Deprivation Affecting Children Index (IDACI) Decile":3,"Income Deprivation Affecting Older People (IDAOPI) Rank":14176,"Income Deprivation Affecting Older People (IDAOPI) Decile":5},"geometry":null},{"type":"Feature","properties":{"LSOA code (2021)":"E01007450","LSOA name (2021)":"Barnsley 023D","Local Authority District code (2024)":"E08000016","Local Authority District name (2024)":"Barnsley","Index of Multiple Deprivation (IMD) Rank":3065,"Index of Multiple Deprivation (IMD) Decile":1,"Income Rank":5794,"Income Decile":2,"Employment Rank":2078,"Employment Decile":1,"Education Skills and Training Rank":2196,"Education Skills and Training Decile":1,"Health Deprivation and Disability Rank":796,"Health Deprivation and Disability Decile":1,"Crime Rank":4458,"Crime Decile":2,"Barriers to Housing and Services Rank":15965,"Barriers to Housing and Services Decile":5,"Living Environment Rank":31391,"Living Environment Decile":10,"Income Deprivation Affecting Children Index (IDACI) Rank":7416,"Income Deprivation Affecting Children Index (IDACI) Decile":3,"Income Deprivation Affecting Older People (IDAOPI) Rank":7356,"Income Deprivation Affecting Older People (IDAOPI) Decile":3},"geometry":null},{"type":"Feature","properties":{"LSOA code (2021)":"E01007447","LSOA name (2021)":"Barnsley 023A","Local Authority District code (2024)":"E08000016","Local Authority District name (2024)":"Barnsley","Index of Multiple Deprivation (IMD) Rank":6082,"Index of Multiple Deprivation (IMD) Decile":2,"Income Rank":7518,"Income Decile":3,"Employment Rank":4035,"Employment Decile":2,"Education Skills and Training Rank":3283,"Education Skills and Training Decile":1,"Health Deprivation and Disability Rank":3271,"Health Deprivation and Disability Decile":1,"Crime Rank":12407,"Crime Decile":4,"Barriers to Housing and Services Rank":21978,"Barriers to Housing and Services Decile":7,"Living Environment Rank":27916,"Living Environment Decile":9,"Income Deprivation Affecting Children Index (IDACI) Rank":10038,"Income Deprivation Affecting Children Index (IDACI) Decile":3,"Income Deprivation Affecting Older People (IDAOPI) Rank":5354,"Income Deprivation Affecting Older People (IDAOPI) Decile":2},"geometry":null},{"type":"Feature","properties":{"LSOA code (2021)":"E01007453","LSOA name (2021)":"Barnsley 026C","Local Authority District code (2024)":"E08000016","Local Authority District name (2024)":"Barnsley","Index of Multiple Deprivation (IMD) Rank":1143,"Index of Multiple Deprivation (IMD) Decile":1,"Income Rank":1346,"Income Decile":1,"Employment Rank":1080,"Employment Decile":1,"Education Skills and Training Rank":373,"Education Skills and Training Decile":1,"Health Deprivation and Disability Rank":517,"Health Deprivation and Disability Decile":1,"Crime Rank":7497,"Crime Decile":3,"Barriers to Housing and Services Rank":24222,"Barriers to Housing and Services Decile":8,"Living Environment Rank":24413,"Living Environment Decile":8,"Income Deprivation Affecting Children Index (IDACI) Rank":1484,"Income Deprivation Affecting Children Index (IDACI) Decile":1,"Income Deprivation Affecting Older People (IDAOPI) Rank":2333,"Income Deprivation Affecting Older People (IDAOPI) Decile":1},"geometry":null},{"type":"Feature","properties":{"LSOA code (2021)":"E01007392","LSOA name (2021)":"Barnsley 030D","Local Authority District code (2024)":"E08000016","Local Authority District name (2024)":"Barnsley","Index of Multiple Deprivation (IMD) Rank":3775,"Index of Multiple Deprivation (IMD) Decile":2,"Income Rank":4779,"Income Decile":2,"Employment Rank":3124,"Employment Decile":1,"Education Skills and Training Rank":2287,"Education Skills and Training Decile":1,"Health Deprivation and Disability Rank":1884,"Health Deprivation and Disability Decile":1,"Crime Rank":3757,"Crime Decile":2,"Barriers to Housing and Services Rank":27024,"Barriers to Housing and Services Decile":9,"Living Environment Rank":25291,"Living Environment Decile":8,"Income Deprivation Affecting Children Index (IDACI) Rank":5686,"Income Deprivation Affecting Children Index (IDACI) Decile":2,"Income Deprivation Affecting Older People (IDAOPI) Rank":7812,"Income Deprivation Affecting Older People (IDAOPI) Decile":3},"geometry":null},{"type":"Feature","properties":{"LSOA code (2021)":"E01007389","LSOA name (2021)":"Barnsley 030A","Local Authority District code (2024)":"E08000016","Local Authority District name (2024)":"Barnsley","Index of Multiple Deprivation (IMD) Rank":23801,"Index of Multiple Deprivation (IMD) Decile":8,"Income Rank":27990,"Income Decile":9,"Employment Rank":17543,"Employment Decile":6,"Education Skills and Training Rank":21698,"Education Skills and Training Decile":7,"Health Deprivation and Disability Rank":11553,"Health Deprivation and Disability Decile":4,"Crime Rank":23145,"Crime Decile":7,"Barriers to Housing and Services Rank":31276,"Barriers to Housing and Services Decile":10,"Living Environment Rank":19553,"Living Environment Decile":6,"Income Deprivation Affecting Children Index (IDACI) Rank":29537,"Income Deprivation Affecting Children Index (IDACI) Decile":9,"Income Deprivation Affecting Older People (IDAOPI) Rank":25393,"Income Deprivation Affecting Older People (IDAOPI) Decile":8},"geometry":null},{"type":"Feature","properties":{"LSOA code (2021)":"E01007391","LSOA name (2021)":"Barnsley 030C","Local Authority District code (2024)":"E08000016","Local Authority District name (2024)":"Barnsley","Index of Multiple Deprivation (IMD) Rank":4104,"Index of Multiple Deprivation (IMD) Decile":2,"Income Rank":5185,"Income Decile":2,"Employment Rank":3186,"Employment Decile":1,"Education Skills and Training Rank":5427,"Education Skills and Training Decile":2,"Health Deprivation and Disability Rank":1376,"Health Deprivation and Disability Decile":1,"Crime Rank":2712,"Crime Decile":1,"Barriers to Housing and Services Rank":30239,"Barriers to Housing and Services Decile":9,"Living Environment Rank":20842,"Living Environment Decile":7,"Income Deprivation Affecting Children Index (IDACI) Rank":3966,"Income Deprivation Affecting Children Index (IDACI) Decile":2,"Income Deprivation Affecting Older People (IDAOPI) Rank":7353,"Income Deprivation Affecting Older People (IDAOPI) Decile":3},"geometry":null},{"type":"Feature","properties":{"LSOA code (2021)":"E01007393","LSOA name (2021)":"Barnsley 029B","Local Authority District code (2024)":"E08000016","Local Authority District name (2024)":"Barnsley","Index of Multiple Deprivation (IMD) Rank":11030,"Index of Multiple Deprivation (IMD) Decile":4,"Income Rank":12029,"Income Decile":4,"Employment Rank":10320,"Employment Decile":4,"Education Skills and Training Rank":10017,"Education Skills and Training Decile":3,"Health Deprivation and Disability Rank":4070,"Health Deprivation and Disability Decile":2,"Crime Rank":10543,"Crime Decile":4,"Barriers to Housing and Services Rank":29253,"Barriers to Housing and Services Decile":9,"Living Environment Rank":18875,"Living Environment Decile":6,"Income Deprivation Affecting Children Index (IDACI) Rank":13308,"Income Deprivation Affecting Children Index (IDACI) Decile":4,"Income Deprivation Affecting Older People (IDAOPI) Rank":8874,"Income Deprivation Affecting Older People (IDAOPI) Decile":3},"geometry":null},{"type":"Feature","properties":{"LSOA code (2021)":"E01007452","LSOA name (2021)":"Barnsley 026B","Local Authority District code (2024)":"E08000016","Local Authority District name (2024)":"Barnsley","Index of Multiple Deprivation (IMD) Rank":15195,"Index of Multiple Deprivation (IMD) Decile":5,"Income Rank":16202,"Income Decile":5,"Employment Rank":13673,"Employment Decile":5,"Education Skills and Training Rank":14767,"Education Skills and Training Decile":5,"Health Deprivation and Disability Rank":9960,"Health Deprivation and Disability Decile":3,"Crime Rank":11170,"Crime Decile":4,"Barriers to Housing and Services Rank":24472,"Barriers to Housing and Services Decile":8,"Living Environment Rank":13694,"Living Environment Decile":5,"Income Deprivation Affecting Children Index (IDACI) Rank":15371,"Income Deprivation Affecting Children Index (IDACI) Decile":5,"Income Deprivation Affecting Older People (IDAOPI) Rank":23144,"Income Deprivation Affecting Older People (IDAOPI) Decile":7},"geometry":null},{"type":"Feature","properties":{"LSOA code (2021)":"E01007456","LSOA name (2021)":"Barnsley 029D","Local Authority District code (2024)":"E08000016","Local Authority District name (2024)":"Barnsley","Index of Multiple Deprivation (IMD) Rank":19879,"Index of Multiple Deprivation (IMD) Decile":6,"Income Rank":18229,"Income Decile":6,"Employment Rank":16240,"Employment Decile":5,"Education Skills and Training Rank":21105,"Education Skills and Training Decile":7,"Health Deprivation and Disability Rank":11883,"Health Deprivation and Disability Decile":4,"Crime Rank":21310,"Crime Decile":7,"Barriers to Housing and Services Rank":17894,"Barriers to Housing and Services Decile":6,"Living Environment Rank":23741,"Living Environment Decile":8,"Income Deprivation Affecting Children Index (IDACI) Rank":17666,"Income Deprivation Affecting Children Index (IDACI) Decile":6,"Income Deprivation Affecting Older People (IDAOPI) Rank":19055,"Income Deprivation Affecting Older People (IDAOPI) Decile":6},"geometry":null},{"type":"Feature","properties":{"LSOA code (2021)":"E01007394","LSOA name (2021)":"Barnsley 029C","Local Authority District code (2024)":"E08000016","Local Authority District name (2024)":"Barnsley","Index of Multiple Deprivation (IMD) Rank":6456,"Index of Multiple Deprivation (IMD) Decile":2,"Income Rank":6784,"Income Decile":3,"Employment Rank":4267,"Employment Decile":2,"Education Skills and Training Rank":6521,"Education Skills and Training Decile":2,"Health Deprivation and Disability Rank":3105,"Health Deprivation and Disability Decile":1,"Crime Rank":11151,"Crime Decile":4,"Barriers to Housing and Services Rank":24980,"Barriers to Housing and Services Decile":8,"Living Environment Rank":21333,"Living Environment Decile":7,"Income Deprivation Affecting Children Index (IDACI) Rank":8240,"Income Deprivation Affecting Children Index (IDACI) Decile":3,"Income Deprivation Affecting Older People (IDAOPI) Rank":5293,"Income Deprivation Affecting Older People (IDAOPI) Decile":2},"geometry":null},{"type":"Feature","properties":{"LSOA code (2021)":"E01007424","LSOA name (2021)":"Barnsley 028E","Local Authority District code (2024)":"E08000016","Local Authority District name (2024)":"Barnsley","Index of Multiple Deprivation (IMD) Rank":20158,"Index of Multiple Deprivation (IMD) Decile":6,"Income Rank":19054,"Income Decile":6,"Employment Rank":17895,"Employment Decile":6,"Education Skills and Training Rank":21174,"Education Skills and Training Decile":7,"Health Deprivation and Disability Rank":12470,"Health Deprivation and Disability Decile":4,"Crime Rank":14630,"Crime Decile":5,"Barriers to Housing and Services Rank":22718,"Barriers to Housing and Services Decile":7,"Living Environment Rank":20427,"Living Environment Decile":7,"Income Deprivation Affecting Children Index (IDACI) Rank":22712,"Income Deprivation Affecting Children Index (IDACI) Decile":7,"Income Deprivation Affecting Older People (IDAOPI) Rank":17022,"Income Deprivation Affecting Older People (IDAOPI) Decile":6},"geometry":null},{"type":"Feature","properties":{"LSOA code (2021)":"E01007388","LSOA name (2021)":"Barnsley 029A","Local Authority District code (2024)":"E08000016","Local Authority District name (2024)":"Barnsley","Index of Multiple Deprivation (IMD) Rank":14856,"Index of Multiple Deprivation (IMD) Decile":5,"Income Rank":17203,"Income Decile":6,"Employment Rank":15713,"Employment Decile":5,"Education Skills and Training Rank":17914,"Education Skills and Training Decile":6,"Health Deprivation and Disability Rank":7792,"Health Deprivation and Disability Decile":3,"Crime Rank":9162,"Crime Decile":3,"Barriers to Housing and Services Rank":27719,"Barriers to Housing and Services Decile":9,"Living Environment Rank":7841,"Living Environment Decile":3,"Income Deprivation Affecting Children Index (IDACI) Rank":12421,"Income Deprivation Affecting Children Index (IDACI) Decile":4,"Income Deprivation Affecting Older People (IDAOPI) Rank":20668,"Income Deprivation Affecting Older People (IDAOPI) Decile":7},"geometry":null},{"type":"Feature","properties":{"LSOA code (2021)":"E01007331","LSOA name (2021)":"Barnsley 003B","Local Authority District code (2024)":"E08000016","Local Authority District name (2024)":"Barnsley","Index of Multiple Deprivation (IMD) Rank":10591,"Index of Multiple Deprivation (IMD) Decile":4,"Income Rank":15290,"Income Decile":5,"Employment Rank":10918,"Employment Decile":4,"Education Skills and Training Rank":11130,"Education Skills and Training Decile":4,"Health Deprivation and Disability Rank":6668,"Health Deprivation and Disability Decile":2,"Crime Rank":3773,"Crime Decile":2,"Barriers to Housing and Services Rank":12951,"Barriers to Housing and Services Decile":4,"Living Environment Rank":17555,"Living Environment Decile":6,"Income Deprivation Affecting Children Index (IDACI) Rank":14171,"Income Deprivation Affecting Children Index (IDACI) Decile":5,"Income Deprivation Affecting Older People (IDAOPI) Rank":18174,"Income Deprivation Affecting Older People (IDAOPI) Decile":6},"geometry":null},{"type":"Feature","properties":{"LSOA code (2021)":"E01007330","LSOA name (2021)":"Barnsley 006B","Local Authority District code (2024)":"E08000016","Local Authority District name (2024)":"Barnsley","Index of Multiple Deprivation (IMD) Rank":12213,"Index of Multiple Deprivation (IMD) Decile":4,"Income Rank":14476,"Income Decile":5,"Employment Rank":11833,"Employment Decile":4,"Education Skills and Training Rank":11383,"Education Skills and Training Decile":4,"Health Deprivation and Disability Rank":4888,"Health Deprivation and Disability Decile":2,"Crime Rank":17350,"Crime Decile":6,"Barriers to Housing and Services Rank":8957,"Barriers to Housing and Services Decile":3,"Living Environment Rank":26165,"Living Environment Decile":8,"Income Deprivation Affecting Children Index (IDACI) Rank":18212,"Income Deprivation Affecting Children Index (IDACI) Decile":6,"Income Deprivation Affecting Older People (IDAOPI) Rank":11482,"Income Deprivation Affecting Older People (IDAOPI) Decile":4},"geometry":null},{"type":"Feature","properties":{"LSOA code (2021)":"E01007342","LSOA name (2021)":"Barnsley 003C","Local Authority District code (2024)":"E08000016","Local Authority District name (2024)":"Barnsley","Index of Multiple Deprivation (IMD) Rank":10816,"Index of Multiple Deprivation (IMD) Decile":4,"Income Rank":14203,"Income Decile":5,"Employment Rank":12234,"Employment Decile":4,"Education Skills and Training Rank":8427,"Education Skills and Training Decile":3,"Health Deprivation and Disability Rank":5793,"Health Deprivation and Disability Decile":2,"Crime Rank":11544,"Crime Decile":4,"Barriers to Housing and Services Rank":15551,"Barriers to Housing and Services Decile":5,"Living Environment Rank":9721,"Living Environment Decile":3,"Income Deprivation Affecting Children Index (IDACI) Rank":7080,"Income Deprivation Affecting Children Index (IDACI) Decile":3,"Income Deprivation Affecting Older People (IDAOPI) Rank":26737,"Income Deprivation Affecting Older People (IDAOPI) Decile":8},"geometry":null},{"type":"Feature","properties":{"LSOA code (2021)":"E01007328","LSOA name (2021)":"Barnsley 006A","Local Authority District code (2024)":"E08000016","Local Authority District name (2024)":"Barnsley","Index of Multiple Deprivation (IMD) Rank":3714,"Index of Multiple Deprivation (IMD) Decile":2,"Income Rank":6551,"Income Decile":2,"Employment Rank":4598,"Employment Decile":2,"Education Skills and Training Rank":1155,"Education Skills and Training Decile":1,"Health Deprivation and Disability Rank":1988,"Health Deprivation and Disability Decile":1,"Crime Rank":4239,"Crime Decile":2,"Barriers to Housing and Services Rank":7213,"Barriers to Housing and Services Decile":3,"Living Environment Rank":31493,"Living Environment Decile":10,"Income Deprivation Affecting Children Index (IDACI) Rank":9742,"Income Deprivation Affecting Children Index (IDACI) Decile":3,"Income Deprivation Affecting Older People (IDAOPI) Rank":4930,"Income Deprivation Affecting Older People (IDAOPI) Decile":2},"geometry":null},{"type":"Feature","properties":{"LSOA code (2021)":"E01007332","LSOA name (2021)":"Barnsley 006C","Local Authority District code (2024)":"E08000016","Local Authority District name (2024)":"Barnsley","Index of Multiple Deprivation (IMD) Rank":2658,"Index of Multiple Deprivation (IMD) Decile":1,"Income Rank":5053,"Income Decile":2,"Employment Rank":2679,"Employment Decile":1,"Education Skills and Training Rank":2969,"Education Skills and Training Decile":1,"Health Deprivation and Disability Rank":394,"Health Deprivation and Disability Decile":1,"Crime Rank":3310,"Crime Decile":1,"Barriers to Housing and Services Rank":10877,"Barriers to Housing and Services Decile":4,"Living Environment Rank":23864,"Living Environment Decile":8,"Income Deprivation Affecting Children Index (IDACI) Rank":4958,"Income Deprivation Affecting Children Index (IDACI) Decile":2,"Income Deprivation Affecting Older People (IDAOPI) Rank":6816,"Income Deprivation Affecting Older People (IDAOPI) Decile":3},"geometry":null},{"type":"Feature","properties":{"LSOA code (2021)":"E01007345","LSOA name (2021)":"Barnsley 008B","Local Authority District code (2024)":"E08000016","Local Authority District name (2024)":"Barnsley","Index of Multiple Deprivation (IMD) Rank":7291,"Index of Multiple Deprivation (IMD) Decile":3,"Income Rank":9377,"Income Decile":3,"Employment Rank":8326,"Employment Decile":3,"Education Skills and Training Rank":6098,"Education Skills and Training Decile":2,"Health Deprivation and Disability Rank":4744,"Health Deprivation and Disability Decile":2,"Crime Rank":5534,"Crime Decile":2,"Barriers to Housing and Services Rank":17559,"Barriers to Housing and Services Decile":6,"Living Environment Rank":9671,"Living Environment Decile":3,"Income Deprivation Affecting Children Index (IDACI) Rank":6573,"Income Deprivation Affecting Children Index (IDACI) Decile":2,"Income Deprivation Affecting Older People (IDAOPI) Rank":17317,"Income Deprivation Affecting Older People (IDAOPI) Decile":6},"geometry":null},{"type":"Feature","properties":{"LSOA code (2021)":"E01007347","LSOA name (2021)":"Barnsley 008D","Local Authority District code (2024)":"E08000016","Local Authority District name (2024)":"Barnsley","Index of Multiple Deprivation (IMD) Rank":19187,"Index of Multiple Deprivation (IMD) Decile":6,"Income Rank":21649,"Income Decile":7,"Employment Rank":19424,"Employment Decile":6,"Education Skills and Training Rank":12915,"Education Skills and Training Decile":4,"Health Deprivation and Disability Rank":11865,"Health Deprivation and Disability Decile":4,"Crime Rank":13488,"Crime Decile":4,"Barriers to Housing and Services Rank":14050,"Barriers to Housing and Services Decile":5,"Living Environment Rank":30646,"Living Environment Decile":10,"Income Deprivation Affecting Children Index (IDACI) Rank":22866,"Income Deprivation Affecting Children Index (IDACI) Decile":7,"Income Deprivation Affecting Older People (IDAOPI) Rank":17031,"Income Deprivation Affecting Older People (IDAOPI) Decile":6},"geometry":null},{"type":"Feature","properties":{"LSOA code (2021)":"E01007341","LSOA name (2021)":"Barnsley 008A","Local Authority District code (2024)":"E08000016","Local Authority District name (2024)":"Barnsley","Index of Multiple Deprivation (IMD) Rank":475,"Index of Multiple Deprivation (IMD) Decile":1,"Income Rank":663,"Income Decile":1,"Employment Rank":286,"Employment Decile":1,"Education Skills and Training Rank":663,"Education Skills and Training Decile":1,"Health Deprivation and Disability Rank":429,"Health Deprivation and Disability Decile":1,"Crime Rank":11294,"Crime Decile":4,"Barriers to Housing and Services Rank":4641,"Barriers to Housing and Services Decile":2,"Living Environment Rank":25741,"Living Environment Decile":8,"Income Deprivation Affecting Children Index (IDACI) Rank":857,"Income Deprivation Affecting Children Index (IDACI) Decile":1,"Income Deprivation Affecting Older People (IDAOPI) Rank":4608,"Income Deprivation Affecting Older People (IDAOPI) Decile":2},"geometry":null},{"type":"Feature","properties":{"LSOA code (2021)":"E01007350","LSOA name (2021)":"Barnsley 020C","Local Authority District code (2024)":"E08000016","Local Authority District name (2024)":"Barnsley","Index of Multiple Deprivation (IMD) Rank":14243,"Index of Multiple Deprivation (IMD) Decile":5,"Income Rank":19275,"Income Decile":6,"Employment Rank":9761,"Employment Decile":3,"Education Skills and Training Rank":14677,"Education Skills and Training Decile":5,"Health Deprivation and Disability Rank":8445,"Health Deprivation and Disability Decile":3,"Crime Rank":6960,"Crime Decile":3,"Barriers to Housing and Services Rank":25926,"Barriers to Housing and Services Decile":8,"Living Environment Rank":21448,"Living Environment Decile":7,"Income Deprivation Affecting Children Index (IDACI) Rank":14432,"Income Deprivation Affecting Children Index (IDACI) Decile":5,"Income Deprivation Affecting Older People (IDAOPI) Rank":26070,"Income Deprivation Affecting Older People (IDAOPI) Decile":8},"geometry":null},{"type":"Feature","properties":{"LSOA code (2021)":"E01007348","LSOA name (2021)":"Barnsley 020A","Local Authority District code (2024)":"E08000016","Local Authority District name (2024)":"Barnsley","Index of Multiple Deprivation (IMD) Rank":4353,"Index of Multiple Deprivation (IMD) Decile":2,"Income Rank":7233,"Income Decile":3,"Employment Rank":3653,"Employment Decile":2,"Education Skills and Training Rank":2538,"Education Skills and Training Decile":1,"Health Deprivation and Disability Rank":1774,"Health Deprivation and Disability Decile":1,"Crime Rank":5229,"Crime Decile":2,"Barriers to Housing and Services Rank":18172,"Barriers to Housing and Services Decile":6,"Living Environment Rank":21072,"Living Environment Decile":7,"Income Deprivation Affecting Children Index (IDACI) Rank":5510,"Income Deprivation Affecting Children Index (IDACI) Decile":2,"Income Deprivation Affecting Older People (IDAOPI) Rank":10490,"Income Deprivation Affecting Older People (IDAOPI) Decile":4},"geometry":null},{"type":"Feature","properties":{"LSOA code (2021)":"E01007333","LSOA name (2021)":"Barnsley 006D","Local Authority District code (2024)":"E08000016","Local Authority District name (2024)":"Barnsley","Index of Multiple Deprivation (IMD) Rank":3109,"Index of Multiple Deprivation (IMD) Decile":1,"Income Rank":5562,"Income Decile":2,"Employment Rank":3072,"Employment Decile":1,"Education Skills and Training Rank":838,"Education Skills and Training Decile":1,"Health Deprivation and Disability Rank":2147,"Health Deprivation and Disability Decile":1,"Crime Rank":5696,"Crime Decile":2,"Barriers to Housing and Services Rank":7456,"Barriers to Housing and Services Decile":3,"Living Environment Rank":27918,"Living Environment Decile":9,"Income Deprivation Affecting Children Index (IDACI) Rank":5927,"Income Deprivation Affecting Children Index (IDACI) Decile":2,"Income Deprivation Affecting Older People (IDAOPI) Rank":12362,"Income Deprivation Affecting Older People (IDAOPI) Decile":4},"geometry":null},{"type":"Feature","properties":{"LSOA code (2021)":"E01007351","LSOA name (2021)":"Barnsley 020D","Local Authority District code (2024)":"E08000016","Local Authority District name (2024)":"Barnsley","Index of Multiple Deprivation (IMD) Rank":8116,"Index of Multiple Deprivation (IMD) Decile":3,"Income Rank":9812,"Income Decile":3,"Employment Rank":6757,"Employment Decile":3,"Education Skills and Training Rank":5647,"Education Skills and Training Decile":2,"Health Deprivation and Disability Rank":6016,"Health Deprivation and Disability Decile":2,"Crime Rank":14398,"Crime Decile":5,"Barriers to Housing and Services Rank":17558,"Barriers to Housing and Services Decile":6,"Living Environment Rank":10979,"Living Environment Decile":4,"Income Deprivation Affecting Children Index (IDACI) Rank":9385,"Income Deprivation Affecting Children Index (IDACI) Decile":3,"Income Deprivation Affecting Older People (IDAOPI) Rank":10114,"Income Deprivation Affecting Older People (IDAOPI) Decile":3},"geometry":null},{"type":"Feature","properties":{"LSOA code (2021)":"E01007354","LSOA name (2021)":"Barnsley 020G","Local Authority District code (2024)":"E08000016","Local Authority District name (2024)":"Barnsley","Index of Multiple Deprivation (IMD) Rank":7542,"Index of Multiple Deprivation (IMD) Decile":3,"Income Rank":12327,"Income Decile":4,"Employment Rank":7700,"Employment Decile":3,"Education Skills and Training Rank":4855,"Education Skills and Training Decile":2,"Health Deprivation and Disability Rank":4095,"Health Deprivation and Disability Decile":2,"Crime Rank":12023,"Crime Decile":4,"Barriers to Housing and Services Rank":9806,"Barriers to Housing and Services Decile":3,"Living Environment Rank":11341,"Living Environment Decile":4,"Income Deprivation Affecting Children Index (IDACI) Rank":9380,"Income Deprivation Affecting Children Index (IDACI) Decile":3,"Income Deprivation Affecting Older People (IDAOPI) Rank":16902,"Income Deprivation Affecting Older People (IDAOPI) Decile":6},"geometry":null},{"type":"Feature","properties":{"LSOA code (2021)":"E01007374","LSOA name (2021)":"Barnsley 014C","Local Authority District code (2024)":"E08000016","Local Authority District name (2024)":"Barnsley","Index of Multiple Deprivation (IMD) Rank":7624,"Index of Multiple Deprivation (IMD) Decile":3,"Income Rank":13370,"Income Decile":4,"Employment Rank":6911,"Employment Decile":3,"Education Skills and Training Rank":2154,"Education Skills and Training Decile":1,"Health Deprivation and Disability Rank":4433,"Health Deprivation and Disability Decile":2,"Crime Rank":9650,"Crime Decile":3,"Barriers to Housing and Services Rank":18718,"Barriers to Housing and Services Decile":6,"Living Environment Rank":22406,"Living Environment Decile":7,"Income Deprivation Affecting Children Index (IDACI) Rank":10281,"Income Deprivation Affecting Children Index (IDACI) Decile":4,"Income Deprivation Affecting Older People (IDAOPI) Rank":17045,"Income Deprivation Affecting Older People (IDAOPI) Decile":6},"geometry":null},{"type":"Feature","properties":{"LSOA code (2021)":"E01007378","LSOA name (2021)":"Barnsley 014F","Local Authority District code (2024)":"E08000016","Local Authority District name (2024)":"Barnsley","Index of Multiple Deprivation (IMD) Rank":573,"Index of Multiple Deprivation (IMD) Decile":1,"Income Rank":1715,"Income Decile":1,"Employment Rank":581,"Employment Decile":1,"Education Skills and Training Rank":178,"Education Skills and Training Decile":1,"Health Deprivation and Disability Rank":443,"Health Deprivation and Disability Decile":1,"Crime Rank":1084,"Crime Decile":1,"Barriers to Housing and Services Rank":15775,"Barriers to Housing and Services Decile":5,"Living Environment Rank":23512,"Living Environment Decile":7,"Income Deprivation Affecting Children Index (IDACI) Rank":3098,"Income Deprivation Affecting Children Index (IDACI) Decile":1,"Income Deprivation Affecting Older People (IDAOPI) Rank":3748,"Income Deprivation Affecting Older People (IDAOPI) Decile":2},"geometry":null},{"type":"Feature","properties":{"LSOA code (2021)":"E01007372","LSOA name (2021)":"Barnsley 014A","Local Authority District code (2024)":"E08000016","Local Authority District name (2024)":"Barnsley","Index of Multiple Deprivation (IMD) Rank":2137,"Index of Multiple Deprivation (IMD) Decile":1,"Income Rank":4342,"Income Decile":2,"Employment Rank":2802,"Employment Decile":1,"Education Skills and Training Rank":346,"Education Skills and Training Decile":1,"Health Deprivation and Disability Rank":606,"Health Deprivation and Disability Decile":1,"Crime Rank":2232,"Crime Decile":1,"Barriers to Housing and Services Rank":23228,"Barriers to Housing and Services Decile":7,"Living Environment Rank":30249,"Living Environment Decile":9,"Income Deprivation Affecting Children Index (IDACI) Rank":6088,"Income Deprivation Affecting Children Index (IDACI) Decile":2,"Income Deprivation Affecting Older People (IDAOPI) Rank":4961,"Income Deprivation Affecting Older People (IDAOPI) Decile":2},"geometry":null},{"type":"Feature","properties":{"LSOA code (2021)":"E01007375","LSOA name (2021)":"Barnsley 014D","Local Authority District code (2024)":"E08000016","Local Authority District name (2024)":"Barnsley","Index of Multiple Deprivation (IMD) Rank":8451,"Index of Multiple Deprivation (IMD) Decile":3,"Income Rank":11806,"Income Decile":4,"Employment Rank":8651,"Employment Decile":3,"Education Skills and Training Rank":8003,"Education Skills and Training Decile":3,"Health Deprivation and Disability Rank":3120,"Health Deprivation and Disability Decile":1,"Crime Rank":3877,"Crime Decile":2,"Barriers to Housing and Services Rank":26147,"Barriers to Housing and Services Decile":8,"Living Environment Rank":19448,"Living Environment Decile":6,"Income Deprivation Affecting Children Index (IDACI) Rank":9708,"Income Deprivation Affecting Children Index (IDACI) Decile":3,"Income Deprivation Affecting Older People (IDAOPI) Rank":15107,"Income Deprivation Affecting Older People (IDAOPI) Decile":5},"geometry":null},{"type":"Feature","properties":{"LSOA code (2021)":"E01007377","LSOA name (2021)":"Barnsley 014E","Local Authority District code (2024)":"E08000016","Local Authority District name (2024)":"Barnsley","Index of Multiple Deprivation (IMD) Rank":2016,"Index of Multiple Deprivation (IMD) Decile":1,"Income Rank":3326,"Income Decile":1,"Employment Rank":1442,"Employment Decile":1,"Education Skills and Training Rank":244,"Education Skills and Training Decile":1,"Health Deprivation and Disability Rank":2845,"Health Deprivation and Disability Decile":1,"Crime Rank":4186,"Crime Decile":2,"Barriers to Housing and Services Rank":14214,"Barriers to Housing and Services Decile":5,"Living Environment Rank":31164,"Living Environment Decile":10,"Income Deprivation Affecting Children Index (IDACI) Rank":2843,"Income Deprivation Affecting Children Index (IDACI) Decile":1,"Income Deprivation Affecting Older People (IDAOPI) Rank":6034,"Income Deprivation Affecting Older People (IDAOPI) Decile":2},"geometry":null},{"type":"Feature","properties":{"LSOA code (2021)":"E01007373","LSOA name (2021)":"Barnsley 014B","Local Authority District code (2024)":"E08000016","Local Authority District name (2024)":"Barnsley","Index of Multiple Deprivation (IMD) Rank":1540,"Index of Multiple Deprivation (IMD) Decile":1,"Income Rank":2683,"Income Decile":1,"Employment Rank":1329,"Employment Decile":1,"Education Skills and Training Rank":135,"Education Skills and Training Decile":1,"Health Deprivation and Disability Rank":1245,"Health Deprivation and Disability Decile":1,"Crime Rank":5232,"Crime Decile":2,"Barriers to Housing and Services Rank":21562,"Barriers to Housing and Services Decile":7,"Living Environment Rank":21608,"Living Environment Decile":7,"Income Deprivation Affecting Children Index (IDACI) Rank":4012,"Income Deprivation Affecting Children Index (IDACI) Decile":2,"Income Deprivation Affecting Older People (IDAOPI) Rank":4468,"Income Deprivation Affecting Older People (IDAOPI) Decile":2},"geometry":null},{"type":"Feature","properties":{"LSOA code (2021)":"E01007376","LSOA name (2021)":"Barnsley 022D","Local Authority District code (2024)":"E08000016","Local Authority District name (2024)":"Barnsley","Index of Multiple Deprivation (IMD) Rank":1858,"Index of Multiple Deprivation (IMD) Decile":1,"Income Rank":5115,"Income Decile":2,"Employment Rank":1724,"Employment Decile":1,"Education Skills and Training Rank":1233,"Education Skills and Training Decile":1,"Health Deprivation and Disability Rank":1192,"Health Deprivation and Disability Decile":1,"Crime Rank":863,"Crime Decile":1,"Barriers to Housing and Services Rank":27133,"Barriers to Housing and Services Decile":9,"Living Environment Rank":7457,"Living Environment Decile":3,"Income Deprivation Affecting Children Index (IDACI) Rank":2067,"Income Deprivation Affecting Children Index (IDACI) Decile":1,"Income Deprivation Affecting Older People (IDAOPI) Rank":7609,"Income Deprivation Affecting Older People (IDAOPI) Decile":3},"geometry":null},{"type":"Feature","properties":{"LSOA code (2021)":"E01007352","LSOA name (2021)":"Barnsley 020E","Local Authority District code (2024)":"E08000016","Local Authority District name (2024)":"Barnsley","Index of Multiple Deprivation (IMD) Rank":1687,"Index of Multiple Deprivation (IMD) Decile":1,"Income Rank":2702,"Income Decile":1,"Employment Rank":1201,"Employment Decile":1,"Education Skills and Training Rank":1175,"Education Skills and Training Decile":1,"Health Deprivation and Disability Rank":926,"Health Deprivation and Disability Decile":1,"Crime Rank":3251,"Crime Decile":1,"Barriers to Housing and Services Rank":24090,"Barriers to Housing and Services Decile":8,"Living Environment Rank":18353,"Living Environment Decile":6,"Income Deprivation Affecting Children Index (IDACI) Rank":4431,"Income Deprivation Affecting Children Index (IDACI) Decile":2,"Income Deprivation Affecting Older People (IDAOPI) Rank":3687,"Income Deprivation Affecting Older People (IDAOPI) Decile":2},"geometry":null},{"type":"Feature","properties":{"LSOA code (2021)":"E01007449","LSOA name (2021)":"Barnsley 023C","Local Authority District code (2024)":"E08000016","Local Authority District name (2024)":"Barnsley","Index of Multiple Deprivation (IMD) Rank":7313,"Index of Multiple Deprivation (IMD) Decile":3,"Income Rank":10855,"Income Decile":4,"Employment Rank":7214,"Employment Decile":3,"Education Skills and Training Rank":5785,"Education Skills and Training Decile":2,"Health Deprivation and Disability Rank":3965,"Health Deprivation and Disability Decile":2,"Crime Rank":4858,"Crime Decile":2,"Barriers to Housing and Services Rank":21901,"Barriers to Housing and Services Decile":7,"Living Environment Rank":12290,"Living Environment Decile":4,"Income Deprivation Affecting Children Index (IDACI) Rank":4960,"Income Deprivation Affecting Children Index (IDACI) Decile":2,"Income Deprivation Affecting Older People (IDAOPI) Rank":19821,"Income Deprivation Affecting Older People (IDAOPI) Decile":6},"geometry":null},{"type":"Feature","properties":{"LSOA code (2021)":"E01007353","LSOA name (2021)":"Barnsley 020F","Local Authority District code (2024)":"E08000016","Local Authority District name (2024)":"Barnsley","Index of Multiple Deprivation (IMD) Rank":8224,"Index of Multiple Deprivation (IMD) Decile":3,"Income Rank":7643,"Income Decile":3,"Employment Rank":7576,"Employment Decile":3,"Education Skills and Training Rank":7541,"Education Skills and Training Decile":3,"Health Deprivation and Disability Rank":4862,"Health Deprivation and Disability Decile":2,"Crime Rank":8133,"Crime Decile":3,"Barriers to Housing and Services Rank":27064,"Barriers to Housing and Services Decile":9,"Living Environment Rank":17234,"Living Environment Decile":6,"Income Deprivation Affecting Children Index (IDACI) Rank":4532,"Income Deprivation Affecting Children Index (IDACI) Decile":2,"Income Deprivation Affecting Older People (IDAOPI) Rank":12070,"Income Deprivation Affecting Older People (IDAOPI) Decile":4},"geometry":null},{"type":"Feature","properties":{"LSOA code (2021)":"E01007451","LSOA name (2021)":"Barnsley 026A","Local Authority District code (2024)":"E08000016","Local Authority District name (2024)":"Barnsley","Index of Multiple Deprivation (IMD) Rank":5869,"Index of Multiple Deprivation (IMD) Decile":2,"Income Rank":7453,"Income Decile":3,"Employment Rank":4754,"Employment Decile":2,"Education Skills and Training Rank":5151,"Education Skills and Training Decile":2,"Health Deprivation and Disability Rank":3609,"Health Deprivation and Disability Decile":2,"Crime Rank":3638,"Crime Decile":2,"Barriers to Housing and Services Rank":24659,"Barriers to Housing and Services Decile":8,"Living Environment Rank":20735,"Living Environment Decile":7,"Income Deprivation Affecting Children Index (IDACI) Rank":8451,"Income Deprivation Affecting Children Index (IDACI) Decile":3,"Income Deprivation Affecting Older People (IDAOPI) Rank":10520,"Income Deprivation Affecting Older People (IDAOPI) Decile":4},"geometry":null},{"type":"Feature","properties":{"LSOA code (2021)":"E01032925","LSOA name (2021)":"Barnsley 026G","Local Authority District code (2024)":"E08000016","Local Authority District name (2024)":"Barnsley","Index of Multiple Deprivation (IMD) Rank":6383,"Index of Multiple Deprivation (IMD) Decile":2,"Income Rank":8985,"Income Decile":3,"Employment Rank":5764,"Employment Decile":2,"Education Skills and Training Rank":5850,"Education Skills and Training Decile":2,"Health Deprivation and Disability Rank":1377,"Health Deprivation and Disability Decile":1,"Crime Rank":11569,"Crime Decile":4,"Barriers to Housing and Services Rank":23868,"Barriers to Housing and Services Decile":8,"Living Environment Rank":15595,"Living Environment Decile":5,"Income Deprivation Affecting Children Index (IDACI) Rank":10686,"Income Deprivation Affecting Children Index (IDACI) Decile":4,"Income Deprivation Affecting Older People (IDAOPI) Rank":7643,"Income Deprivation Affecting Older People (IDAOPI) Decile":3},"geometry":null},{"type":"Feature","properties":{"LSOA code (2021)":"E01032924","LSOA name (2021)":"Barnsley 026F","Local Authority District code (2024)":"E08000016","Local Authority District name (2024)":"Barnsley","Index of Multiple Deprivation (IMD) Rank":18249,"Index of Multiple Deprivation (IMD) Decile":6,"Income Rank":20034,"Income Decile":6,"Employment Rank":18174,"Employment Decile":6,"Education Skills and Training Rank":16965,"Education Skills and Training Decile":6,"Health Deprivation and Disability Rank":6891,"Health Deprivation and Disability Decile":3,"Crime Rank":22974,"Crime Decile":7,"Barriers to Housing and Services Rank":16747,"Barriers to Housing and Services Decile":5,"Living Environment Rank":20727,"Living Environment Decile":7,"Income Deprivation Affecting Children Index (IDACI) Rank":21613,"Income Deprivation Affecting Children Index (IDACI) Decile":7,"Income Deprivation Affecting Older People (IDAOPI) Rank":18442,"Income Deprivation Affecting Older People (IDAOPI) Decile":6},"geometry":null},{"type":"Feature","properties":{"LSOA code (2021)":"E01007455","LSOA name (2021)":"Barnsley 026E","Local Authority District code (2024)":"E08000016","Local Authority District name (2024)":"Barnsley","Index of Multiple Deprivation (IMD) Rank":18483,"Index of Multiple Deprivation (IMD) Decile":6,"Income Rank":19345,"Income Decile":6,"Employment Rank":14205,"Employment Decile":5,"Education Skills and Training Rank":11281,"Education Skills and Training Decile":4,"Health Deprivation and Disability Rank":11759,"Health Deprivation and Disability Decile":4,"Crime Rank":18346,"Crime Decile":6,"Barriers to Housing and Services Rank":24555,"Barriers to Housing and Services Decile":8,"Living Environment Rank":32584,"Living Environment Decile":10,"Income Deprivation Affecting Children Index (IDACI) Rank":12560,"Income Deprivation Affecting Children Index (IDACI) Decile":4,"Income Deprivation Affecting Older People (IDAOPI) Rank":28785,"Income Deprivation Affecting Older People (IDAOPI) Decile":9},"geometry":null},{"type":"Feature","properties":{"LSOA code (2021)":"E01007349","LSOA name (2021)":"Barnsley 020B","Local Authority District code (2024)":"E08000016","Local Authority District name (2024)":"Barnsley","Index of Multiple Deprivation (IMD) Rank":3664,"Index of Multiple Deprivation (IMD) Decile":2,"Income Rank":6840,"Income Decile":3,"Employment Rank":4319,"Employment Decile":2,"Education Skills and Training Rank":2540,"Education Skills and Training Decile":1,"Health Deprivation and Disability Rank":1567,"Health Deprivation and Disability Decile":1,"Crime Rank":3995,"Crime Decile":2,"Barriers to Housing and Services Rank":10542,"Barriers to Housing and Services Decile":4,"Living Environment Rank":11326,"Living Environment Decile":4,"Income Deprivation Affecting Children Index (IDACI) Rank":5791,"Income Deprivation Affecting Children Index (IDACI) Decile":2,"Income Deprivation Affecting Older People (IDAOPI) Rank":8076,"Income Deprivation Affecting Older People (IDAOPI) Decile":3},"geometry":null},{"type":"Feature","properties":{"LSOA code (2021)":"E01007367","LSOA name (2021)":"Barnsley 025D","Local Authority District code (2024)":"E08000016","Local Authority District name (2024)":"Barnsley","Index of Multiple Deprivation (IMD) Rank":3023,"Index of Multiple Deprivation (IMD) Decile":1,"Income Rank":3754,"Income Decile":2,"Employment Rank":2733,"Employment Decile":1,"Education Skills and Training Rank":552,"Education Skills and Training Decile":1,"Health Deprivation and Disability Rank":2743,"Health Deprivation and Disability Decile":1,"Crime Rank":9229,"Crime Decile":3,"Barriers to Housing and Services Rank":16116,"Barriers to Housing and Services Decile":5,"Living Environment Rank":22320,"Living Environment Decile":7,"Income Deprivation Affecting Children Index (IDACI) Rank":1291,"Income Deprivation Affecting Children Index (IDACI) Decile":1,"Income Deprivation Affecting Older People (IDAOPI) Rank":12980,"Income Deprivation Affecting Older People (IDAOPI) Decile":4},"geometry":null},{"type":"Feature","properties":{"LSOA code (2021)":"E01007368","LSOA name (2021)":"Barnsley 025E","Local Authority District code (2024)":"E08000016","Local Authority District name (2024)":"Barnsley","Index of Multiple Deprivation (IMD) Rank":6736,"Index of Multiple Deprivation (IMD) Decile":2,"Income Rank":10785,"Income Decile":4,"Employment Rank":6281,"Employment Decile":2,"Education Skills and Training Rank":5274,"Education Skills and Training Decile":2,"Health Deprivation and Disability Rank":1984,"Health Deprivation and Disability Decile":1,"Crime Rank":5799,"Crime Decile":2,"Barriers to Housing and Services Rank":21401,"Barriers to Housing and Services Decile":7,"Living Environment Rank":20997,"Living Environment Decile":7,"Income Deprivation Affecting Children Index (IDACI) Rank":10352,"Income Deprivation Affecting Children Index (IDACI) Decile":4,"Income Deprivation Affecting Older People (IDAOPI) Rank":12782,"Income Deprivation Affecting Older People (IDAOPI) Decile":4},"geometry":null},{"type":"Feature","properties":{"LSOA code (2021)":"E01007365","LSOA name (2021)":"Barnsley 025B","Local Authority District code (2024)":"E08000016","Local Authority District name (2024)":"Barnsley","Index of Multiple Deprivation (IMD) Rank":3072,"Index of Multiple Deprivation (IMD) Decile":1,"Income Rank":4293,"Income Decile":2,"Employment Rank":2313,"Employment Decile":1,"Education Skills and Training Rank":1947,"Education Skills and Training Decile":1,"Health Deprivation and Disability Rank":1065,"Health Deprivation and Disability Decile":1,"Crime Rank":7286,"Crime Decile":3,"Barriers to Housing and Services Rank":21337,"Barriers to Housing and Services Decile":7,"Living Environment Rank":20608,"Living Environment Decile":7,"Income Deprivation Affecting Children Index (IDACI) Rank":3045,"Income Deprivation Affecting Children Index (IDACI) Decile":1,"Income Deprivation Affecting Older People (IDAOPI) Rank":7623,"Income Deprivation Affecting Older People (IDAOPI) Decile":3},"geometry":null},{"type":"Feature","properties":{"LSOA code (2021)":"E01007366","LSOA name (2021)":"Barnsley 025C","Local Authority District code (2024)":"E08000016","Local Authority District name (2024)":"Barnsley","Index of Multiple Deprivation (IMD) Rank":18335,"Index of Multiple Deprivation (IMD) Decile":6,"Income Rank":18404,"Income Decile":6,"Employment Rank":15514,"Employment Decile":5,"Education Skills and Training Rank":15314,"Education Skills and Training Decile":5,"Health Deprivation and Disability Rank":11725,"Health Deprivation and Disability Decile":4,"Crime Rank":15255,"Crime Decile":5,"Barriers to Housing and Services Rank":22213,"Barriers to Housing and Services Decile":7,"Living Environment Rank":23984,"Living Environment Decile":8,"Income Deprivation Affecting Children Index (IDACI) Rank":17557,"Income Deprivation Affecting Children Index (IDACI) Decile":6,"Income Deprivation Affecting Older People (IDAOPI) Rank":20028,"Income Deprivation Affecting Older People (IDAOPI) Decile":6},"geometry":null},{"type":"Feature","properties":{"LSOA code (2021)":"E01007364","LSOA name (2021)":"Barnsley 025A","Local Authority District code (2024)":"E08000016","Local Authority District name (2024)":"Barnsley","Index of Multiple Deprivation (IMD) Rank":4024,"Index of Multiple Deprivation (IMD) Decile":2,"Income Rank":5057,"Income Decile":2,"Employment Rank":3105,"Employment Decile":1,"Education Skills and Training Rank":3785,"Education Skills and Training Decile":2,"Health Deprivation and Disability Rank":906,"Health Deprivation and Disability Decile":1,"Crime Rank":8930,"Crime Decile":3,"Barriers to Housing and Services Rank":19538,"Barriers to Housing and Services Decile":6,"Living Environment Rank":26529,"Living Environment Decile":8,"Income Deprivation Affecting Children Index (IDACI) Rank":3897,"Income Deprivation Affecting Children Index (IDACI) Decile":2,"Income Deprivation Affecting Older People (IDAOPI) Rank":7133,"Income Deprivation Affecting Older People (IDAOPI) Decile":3},"geometry":null},{"type":"Feature","properties":{"LSOA code (2021)":"E01007371","LSOA name (2021)":"Barnsley 022C","Local Authority District code (2024)":"E08000016","Local Authority District name (2024)":"Barnsley","Index of Multiple Deprivation (IMD) Rank":5973,"Index of Multiple Deprivation (IMD) Decile":2,"Income Rank":7311,"Income Decile":3,"Employment Rank":4264,"Employment Decile":2,"Education Skills and Training Rank":3023,"Education Skills and Training Decile":1,"Health Deprivation and Disability Rank":4066,"Health Deprivation and Disability Decile":2,"Crime Rank":10170,"Crime Decile":4,"Barriers to Housing and Services Rank":25758,"Barriers to Housing and Services Decile":8,"Living Environment Rank":20036,"Living Environment Decile":6,"Income Deprivation Affecting Children Index (IDACI) Rank":5527,"Income Deprivation Affecting Children Index (IDACI) Decile":2,"Income Deprivation Affecting Older People (IDAOPI) Rank":14663,"Income Deprivation Affecting Older People (IDAOPI) Decile":5},"geometry":null},{"type":"Feature","properties":{"LSOA code (2021)":"E01007369","LSOA name (2021)":"Barnsley 022A","Local Authority District code (2024)":"E08000016","Local Authority District name (2024)":"Barnsley","Index of Multiple Deprivation (IMD) Rank":2548,"Index of Multiple Deprivation (IMD) Decile":1,"Income Rank":5169,"Income Decile":2,"Employment Rank":2461,"Employment Decile":1,"Education Skills and Training Rank":2006,"Education Skills and Training Decile":1,"Health Deprivation and Disability Rank":1444,"Health Deprivation and Disability Decile":1,"Crime Rank":729,"Crime Decile":1,"Barriers to Housing and Services Rank":25471,"Barriers to Housing and Services Decile":8,"Living Environment Rank":14458,"Living Environment Decile":5,"Income Deprivation Affecting Children Index (IDACI) Rank":4837,"Income Deprivation Affecting Children Index (IDACI) Decile":2,"Income Deprivation Affecting Older People (IDAOPI) Rank":11158,"Income Deprivation Affecting Older People (IDAOPI) Decile":4},"geometry":null},{"type":"Feature","properties":{"LSOA code (2021)":"E01007370","LSOA name (2021)":"Barnsley 022B","Local Authority District code (2024)":"E08000016","Local Authority District name (2024)":"Barnsley","Index of Multiple Deprivation (IMD) Rank":4134,"Index of Multiple Deprivation (IMD) Decile":2,"Income Rank":6847,"Income Decile":3,"Employment Rank":3819,"Employment Decile":2,"Education Skills and Training Rank":1641,"Education Skills and Training Decile":1,"Health Deprivation and Disability Rank":2036,"Health Deprivation and Disability Decile":1,"Crime Rank":4201,"Crime Decile":2,"Barriers to Housing and Services Rank":23932,"Barriers to Housing and Services Decile":8,"Living Environment Rank":19504,"Living Environment Decile":6,"Income Deprivation Affecting Children Index (IDACI) Rank":7721,"Income Deprivation Affecting Children Index (IDACI) Decile":3,"Income Deprivation Affecting Older People (IDAOPI) Rank":9417,"Income Deprivation Affecting Older People (IDAOPI) Decile":3},"geometry":null},{"type":"Feature","properties":{"AreaCouncil":"Central"},"geometry":{"type":"Polygon","coordinates":[[[-1.4896238054729736,53.55682129668726],[-1.487913430404503,53.558400966192295],[-1.4857257413634357,53.55913517877914],[-1.4825038720484096,53.55897943671526],[-1.47975931670598,53.55760000700664],[-1.4743497583498868,53.55906843218033],[-1.4729178164320973,53.55989164023225],[-1.470650575062264,53.56271724624829],[-1.4697754994458374,53.562472508719345],[-1.4679060197198346,53.56327346790499],[-1.4671502725965568,53.56322897017245],[-1.4623771328705921,53.5666107978452],[-1.4616611619116975,53.56687778424041],[-1.4610247432815688,53.56634381144998],[-1.4600303391719929,53.56643280691505],[-1.4593143682130982,53.56583208752582],[-1.4597519060213116,53.56558734999687],[-1.4593541443774813,53.56514237267151],[-1.4570073506788819,53.563384712236335],[-1.4564107082131363,53.56202753139398],[-1.4546207808158997,53.56107083014446],[-1.455058318624113,53.5606925994179],[-1.454899213966581,53.56020312436],[-1.4535070482131747,53.55933541857555],[-1.4523137632816834,53.557800246803055],[-1.4506033882132128,53.556665554623386],[-1.4480974898570813,53.556064835234146],[-1.449728312596786,53.554507414595385],[-1.4482168183502304,53.55379545087481],[-1.4410968849256667,53.55152606651547],[-1.438471658076386,53.551503817649206],[-1.4356873265695733,53.55210453703844],[-1.4337382945148045,53.55357296221213],[-1.4298800065696498,53.5542181793339],[-1.42805030300803,53.55493014305448],[-1.4261808232820272,53.55452966346166],[-1.4244704482135566,53.55490789418821],[-1.4224418638300216,53.556109332966685],[-1.4211292504053814,53.55624282616429],[-1.4203337271177205,53.55595359090281],[-1.4192199945149955,53.55624282616429],[-1.4184642473917177,53.55530837378104],[-1.4174698432821418,53.555575360176256],[-1.4158390205424372,53.55544186697865],[-1.415441258898607,53.555886844304005],[-1.4119011802685164,53.55564210677505],[-1.412458046569879,53.55493014305448],[-1.410310133693195,53.55493014305448],[-1.409236177254853,53.553194731485576],[-1.4085997586247243,53.55286099849155],[-1.410429462186344,53.55221578136978],[-1.409236177254853,53.54885620256331],[-1.409236177254853,53.54594160108219],[-1.4081622208165108,53.545785859018316],[-1.409395281912385,53.54316049279869],[-1.4069291597206366,53.54229278701423],[-1.4068098312274875,53.541803311956336],[-1.4058949794466775,53.54146957896232],[-1.4049005753371016,53.539378185533124],[-1.4028322147891836,53.53879971501016],[-1.3973431041043245,53.53839923541733],[-1.3961895953372163,53.53670832158096],[-1.3952747435564063,53.536174348790524],[-1.3952349673920232,53.53557362940129],[-1.3963089238303654,53.535395638471144],[-1.3975022087618565,53.53232529492616],[-1.4003263164330522,53.533348742774486],[-1.4025935578028854,53.53185806873453],[-1.4068098312274875,53.531479838007975],[-1.4096737150630663,53.529877919636675],[-1.4110261046520896,53.530790123153665],[-1.4148446164328612,53.52720805568451],[-1.4160379013643525,53.52734154888212],[-1.4163163345150336,53.52593987030723],[-1.4192199945149955,53.52587312370843],[-1.4235953725971298,53.52709681135317],[-1.4255046284875155,53.52803126373642],[-1.428925378624457,53.527119060219434],[-1.4375568062955761,53.52723030455078],[-1.4413753180763478,53.52634034990005],[-1.4434039024598828,53.525428146383064],[-1.447699728213251,53.52253579376822],[-1.449807864925552,53.5199771741474],[-1.4515977923227887,53.51701807493375],[-1.4534672720487916,53.51494893037082],[-1.4555356325967095,53.513413758598325],[-1.4568482460213499,53.51290203467416],[-1.4614622810897822,53.511411360634206],[-1.4634113131445512,53.513791989324886],[-1.4631328799938699,53.51443720644666],[-1.4645648219116594,53.51541615656245],[-1.467309377254089,53.51477093944068],[-1.4716052030074571,53.51450395304546],[-1.4724007262951178,53.51603912481796],[-1.4750259531443983,53.51786353185194],[-1.4751055054731645,53.517529798857915],[-1.4773727468429976,53.51695132833495],[-1.4796399882128308,53.51595012935289],[-1.4803161830073426,53.51617261801557],[-1.4813901394456845,53.51764104318926],[-1.481907229582664,53.517396305660306],[-1.4816685725963659,53.51777453638686],[-1.4826232005415587,53.51833075804356],[-1.4822652150621114,53.51873123763639],[-1.4829414098566231,53.51962119228711],[-1.4845722325963275,53.51971018775218],[-1.4822652150621114,53.52106736859453],[-1.4821061104045792,53.52353699275028],[-1.4810321539662372,53.52344799728521],[-1.4826629767059418,53.52371498368043],[-1.4816287964319828,53.52482742699383],[-1.4815094679388336,53.52553939071441],[-1.4835380523223687,53.52607336350484],[-1.4822652150621114,53.526718580626614],[-1.4833789476648365,53.526674082894075],[-1.4834187238292196,53.52723030455078],[-1.4844131279387955,53.52743054434719],[-1.4860439506785,53.527052313620636],[-1.4866405931442457,53.527586286411065],[-1.4874758925962894,53.52751953981226],[-1.4896635816373565,53.52823150353284],[-1.4934423172537452,53.52852073879432],[-1.4945958260208534,53.52903246271849],[-1.4952322446509818,53.52883222292208],[-1.4992496372536688,53.53185806873453],[-1.499607622733116,53.53168007780438],[-1.498454113966008,53.52992241736921],[-1.501317997801587,53.530968114083805],[-1.5028294920481422,53.531880317600795],[-1.5031079251988235,53.532436539257496],[-1.503505686842654,53.532481036990035],[-1.503505686842654,53.53203605966467],[-1.504539867116613,53.5325032858563],[-1.5050967334179755,53.53223629946108],[-1.5050967334179755,53.532659027920175],[-1.505613823554955,53.53232529492616],[-1.505733152048104,53.53283701885032],[-1.5061706898563174,53.53292601431539],[-1.5061706898563174,53.532659027920175],[-1.506608227664531,53.53281476998406],[-1.5070457654727443,53.532481036990035],[-1.5073241986234256,53.53274802338525],[-1.5075628556097238,53.532481036990035],[-1.5085970358836829,53.532703525652714],[-1.5093130068425775,53.532347543792426],[-1.5096709923220248,53.53263677905391],[-1.510864277253516,53.53208055739721],[-1.5118586813630919,53.53241429039123],[-1.5146430128699047,53.53150208687424],[-1.5163931641027584,53.53185806873453],[-1.5195752572534014,53.531101607281414],[-1.521206079993106,53.53123510047902],[-1.5216436178013195,53.530968114083805],[-1.5230755597191088,53.53125734934529],[-1.523194888212258,53.530968114083805],[-1.5238313068423865,53.53127959821156],[-1.5249848156094947,53.53121285161276],[-1.525422353417708,53.531702326670654],[-1.5275702662943922,53.53150208687424],[-1.5288828797190324,53.53105710954888],[-1.5312694495820147,53.531702326670654],[-1.5338946764312953,53.53121285161276],[-1.53461064739019,53.53132409594409],[-1.5350481851984035,53.531012611816344],[-1.5359630369792132,53.53121285161276],[-1.5402986388969644,53.53054538562471],[-1.5411339383490081,53.53072337655486],[-1.5420885662942012,53.530100408299354],[-1.5434011797188414,53.53014490603189],[-1.5444751361571836,53.53054538562471],[-1.5446740169790987,53.53036739469457],[-1.5453502117736102,53.53072337655486],[-1.550242679992724,53.531791322135724],[-1.5505211131434053,53.532258548327356],[-1.5496460375269785,53.5329927609142],[-1.5494471567050634,53.53419419969267],[-1.5509188747872358,53.53639683745321],[-1.5512370841023,53.5379320092257],[-1.5504017846502562,53.53888871047523],[-1.5486516334174025,53.53986766059102],[-1.5484527525954874,53.547565768319764],[-1.5499642468420427,53.54772151038364],[-1.5496460375269785,53.54867821163316],[-1.5504813369790222,53.549256682156134],[-1.5494869328694463,53.550324627737],[-1.550163127663958,53.55128132898652],[-1.550163127663958,53.55257176323007],[-1.5519928312255777,53.553038989421694],[-1.5537032062940483,53.554284925932706],[-1.5552147005406038,53.5547076543918],[-1.5548964912255396,53.55513038285089],[-1.5555726860200512,53.555197129449695],[-1.5541407441022619,53.556576559158316],[-1.554339624924177,53.5579782377332],[-1.54403759834897,53.56033661755761],[-1.5444751361571836,53.56084834148178],[-1.5423272232804994,53.561093079010725],[-1.5410146098558593,53.56158255406862],[-1.54089528136271,53.56307322810858],[-1.5377927405408331,53.56218327345786],[-1.5362414701298945,53.56262825078322],[-1.536917664924406,53.56329571677126],[-1.5323036298559738,53.56385193842796],[-1.5323036298559738,53.56409667595691],[-1.531508106568313,53.56420792028825],[-1.5313887780751638,53.563940933893036],[-1.5303943739655879,53.564163422555715],[-1.52832601341767,53.56514237267151],[-1.525303024924559,53.56136006540594],[-1.5187001816369745,53.56327346790499],[-1.5173477920479512,53.562694997382025],[-1.5176660013630157,53.561404563138474],[-1.516989806568504,53.55937991630809],[-1.5168307019109717,53.559869391365986],[-1.516035178623311,53.560314368691344],[-1.5106653964316008,53.56060360395283],[-1.5106256202672177,53.56020312436],[-1.5111029342398141,53.56011412889493],[-1.5105062917740686,53.56015862662747],[-1.5103869632809195,53.559869391365986],[-1.5106653964316008,53.55913517877914],[-1.5099494254727062,53.55722177628009],[-1.5094721115001097,53.55744426494277],[-1.507881064924788,53.55508588511836],[-1.5075628556097238,53.55326147808438],[-1.5043012101303146,53.55370645540974],[-1.497499486020815,53.55343946901452],[-1.4948742591715345,53.55377320200854],[-1.4927661224592335,53.55444066799658],[-1.491095523555146,53.555419618112374],[-1.4896238054729736,53.55682129668726]]]}},{"type":"Feature","properties":{"AreaCouncil":"North East"},"geometry":{"type":"Polygon","coordinates":[[[-1.3765003939676124,53.55946891177316],[-1.3760628561593988,53.55808948206454],[-1.3745911380772264,53.55731077174516],[-1.3750286758854398,53.555419618112374],[-1.3760230799950157,53.553973441804956],[-1.3767788271182935,53.5547744009906],[-1.379364277803191,53.55590909317027],[-1.3817508476661733,53.55831197072722],[-1.3830634610908135,53.558801445785114],[-1.3848136123236672,53.55886819238392],[-1.3901833945153774,53.558022735465734],[-1.3914562317756347,53.55808948206454],[-1.3920528742413802,53.55751101154157],[-1.3936836969810849,53.55746651380903],[-1.3955134005427046,53.556710052355925],[-1.3979397465700698,53.55811173093081],[-1.4050994561590169,53.55946891177316],[-1.4058154271179115,53.55960240497077],[-1.406412069583657,53.559313169709284],[-1.4069689358850197,53.5595801561045],[-1.4078042353370634,53.559179676511675],[-1.4076451306795312,53.55784474453559],[-1.4087986394466394,53.5574220160765],[-1.4089975202685547,53.556710052355925],[-1.4105487906794931,53.55573110224013],[-1.4119011802685164,53.55564210677505],[-1.415441258898607,53.555886844304005],[-1.4158390205424372,53.55544186697865],[-1.4174698432821418,53.555575360176256],[-1.4184642473917177,53.55530837378104],[-1.4192199945149955,53.55624282616429],[-1.4203337271177205,53.55595359090281],[-1.4211292504053814,53.55624282616429],[-1.4224418638300216,53.556109332966685],[-1.4244704482135566,53.55490789418821],[-1.4261808232820272,53.55452966346166],[-1.42805030300803,53.55493014305448],[-1.4298800065696498,53.5542181793339],[-1.4337382945148045,53.55357296221213],[-1.4356873265695733,53.55210453703844],[-1.438471658076386,53.551503817649206],[-1.4410968849256667,53.55152606651547],[-1.4482168183502304,53.55379545087481],[-1.449728312596786,53.554507414595385],[-1.4480974898570813,53.556064835234146],[-1.4506033882132128,53.556665554623386],[-1.4523137632816834,53.557800246803055],[-1.4535070482131747,53.55933541857555],[-1.454899213966581,53.56020312436],[-1.455058318624113,53.5606925994179],[-1.4546207808158997,53.56107083014446],[-1.4564107082131363,53.56202753139398],[-1.4570073506788819,53.563384712236335],[-1.4593541443774813,53.56514237267151],[-1.4597519060213116,53.56558734999687],[-1.4593143682130982,53.56583208752582],[-1.4600303391719929,53.56643280691505],[-1.4610247432815688,53.56634381144998],[-1.4616611619116975,53.56687778424041],[-1.4623771328705921,53.5666107978452],[-1.4665138539664282,53.57108281996507],[-1.4630135515007208,53.5720395212146],[-1.4619793712267617,53.57268473833637],[-1.4607463101308875,53.57141655295909],[-1.4593541443774813,53.57139430409283],[-1.4593541443774813,53.57195052574953],[-1.4584392925966714,53.5721062678134],[-1.4581210832816072,53.57168353935431],[-1.4561322750624552,53.57212851667967],[-1.4553367517747944,53.57132755749402],[-1.4533479435556425,53.57221751214474],[-1.4535866005419407,53.57319646226053],[-1.4498874172543181,53.57341895092321],[-1.4505238358844468,53.577045516124905],[-1.4495692079392537,53.57833595036845],[-1.4537457051994729,53.580115859669895],[-1.4555356325967095,53.5812283029833],[-1.4544616761583675,53.58254098609311],[-1.452751301089897,53.58356443394144],[-1.4532286150624933,53.58387591806919],[-1.4538252575282389,53.583675678272776],[-1.453904809857005,53.58409840673187],[-1.4547003331446657,53.58434314426082],[-1.4543423476652184,53.585878316033316],[-1.4552571994460282,53.5866570263527],[-1.454899213966581,53.58703525707925],[-1.4582801879391392,53.58741348780581],[-1.460189443829525,53.5872799946082],[-1.465439897528086,53.58543333870795],[-1.4667525109527264,53.58423189992948],[-1.4685026621855801,53.58409840673187],[-1.4718836361581382,53.585188601179006],[-1.4770147613635503,53.58854817998548],[-1.478685360267638,53.58894865957831],[-1.4804752876648746,53.589015406177104],[-1.4822254388977283,53.588614926584285],[-1.4834982761579856,53.587925211729974],[-1.4858450698565848,53.58412065559814],[-1.487197459445608,53.586924012747915],[-1.489106715335994,53.58812545152639],[-1.4893453723222922,53.59057282681587],[-1.4886294013633976,53.59172976786181],[-1.4841346947881142,53.59419939201756],[-1.4838164854730498,53.5948001114068],[-1.4828220813634738,53.59513384440082],[-1.4812310347881523,53.59631303431302],[-1.4792820027333835,53.596891504835995],[-1.4785262556101058,53.59827093454461],[-1.4750259531443983,53.59996184838098],[-1.4740713251992055,53.6013412780896],[-1.4730371449252464,53.6007850564329],[-1.4638090747883816,53.60441162163459],[-1.4604678769802064,53.606124784337226],[-1.4590757112268,53.60623602866857],[-1.4560924988980721,53.60743746744704],[-1.4482565945146135,53.61153125884036],[-1.4476201758844849,53.61273269761883],[-1.4470633095831225,53.61228772029347],[-1.4467848764324411,53.612799444217636],[-1.444756292048906,53.6105968064571],[-1.4424094983503069,53.609773598405184],[-1.4392274051996639,53.60705923672048],[-1.438431881912003,53.607170481051824],[-1.4380341202681728,53.60674775259273],[-1.4366021783503833,53.606569761662584],[-1.4355679980764242,53.60806043570255],[-1.434255384651784,53.608082684568814],[-1.4338973991723367,53.608638906225515],[-1.4334598613641232,53.608549910760445],[-1.4329029950627608,53.608950390353264],[-1.432027919446334,53.60846091529537],[-1.4324256810901643,53.60814943116762],[-1.4319085909531848,53.60819392890015],[-1.4291640356107551,53.60661425939512],[-1.4294424687614364,53.60554631381426],[-1.4287264978025416,53.60503458989009],[-1.42490798602177,53.604433870500856],[-1.4232373871176824,53.6034994181176],[-1.4215667882135947,53.60321018285612],[-1.418782456706782,53.60329917832119],[-1.4189415613643142,53.603744155646545],[-1.4175891717752909,53.60325468058865],[-1.4151628257479256,53.603187933989844],[-1.4128160320493264,53.60129678035706],[-1.407207592871318,53.60138577582214],[-1.4068496073918706,53.601052042828115],[-1.4059745317754437,53.60107429169438],[-1.405298336980932,53.60042907457261],[-1.4018775868439908,53.600228834776196],[-1.4014400490357772,53.59940562672428],[-1.400206987939903,53.59864916527117],[-1.39611004300845,53.599806106317104],[-1.3956725052002368,53.600362327973805],[-1.3942405632824473,53.60062931436902],[-1.3927688452002749,53.6014080246884],[-1.3839385367072405,53.603788653379084],[-1.381591743008641,53.60541282061665],[-1.3789267399949776,53.60661425939512],[-1.3767788271182935,53.606480766197514],[-1.3759037515018666,53.60594679340708],[-1.3694202367074313,53.60416688410564],[-1.3684258325978553,53.60345492038506],[-1.36599948657049,53.60285420099582],[-1.363811797529423,53.60169725994989],[-1.3602319427349494,53.59860466753863],[-1.3599137334198852,53.59678026050465],[-1.3561747739678796,53.5953563330635],[-1.3546632797213243,53.59201900312329],[-1.3564134309541778,53.58914889937471],[-1.354583727392558,53.586189800161065],[-1.3538677564336634,53.58338644301129],[-1.351401634241915,53.58107256091942],[-1.3486173027351023,53.58331969641249],[-1.3476626747899094,53.583252949813684],[-1.3472251369816959,53.58231849743043],[-1.3474637939679943,53.57971538007707],[-1.3464296136940352,53.57953738914693],[-1.3449181194474797,53.57815795943831],[-1.3447590147899475,53.577779728711754],[-1.3456340904063744,53.576912022927296],[-1.3447987909543306,53.57640029900313],[-1.3383948284886613,53.568768937873195],[-1.3373606482147025,53.56810147188516],[-1.3372015435571702,53.567300512699504],[-1.3351331830092523,53.56527586586912],[-1.3325875084887377,53.563607200899014],[-1.3320704183517584,53.56280624171336],[-1.3318317613654602,53.56216102459159],[-1.3313942235572467,53.56218327345786],[-1.3307975810915011,53.559402165174355],[-1.3300816101326065,53.55942441404062],[-1.3303202671189047,53.55889044125019],[-1.3313942235572467,53.558578957122435],[-1.3309566857490331,53.55650981255951],[-1.331791985201077,53.555330622647304],[-1.3360082586256792,53.552416021166195],[-1.3360878109544452,53.55105884032384],[-1.3368037819133398,53.55036912546953],[-1.3341785550640592,53.54772151038364],[-1.3292065345161794,53.54658681820397],[-1.3280530257490715,53.545274135094154],[-1.327575711776475,53.543538723525245],[-1.330638476433969,53.54189230742141],[-1.330757804927118,53.54035713564892],[-1.3337012410914628,53.54133608576471],[-1.3373606482147025,53.54416169178075],[-1.3409007268447928,53.54563011695444],[-1.3466682706803335,53.54296025300228],[-1.3479808841049736,53.5432939859963],[-1.3510834249268506,53.54494040210013],[-1.3529529046528534,53.547654763784834],[-1.3556179076665171,53.5497684060803],[-1.356771416433625,53.55210453703844],[-1.3605103758856307,53.5542181793339],[-1.362896945748613,53.556932541018604],[-1.3654823964335105,53.557933740000664],[-1.3681473994471742,53.55998063569732],[-1.367948518625259,53.561782793865035],[-1.3686247134197707,53.563340214503796],[-1.3694600128718144,53.562606001916954],[-1.3728409868443727,53.56147130973728],[-1.3734376293101183,53.56062585281909],[-1.3765003939676124,53.55946891177316]]]}},{"type":"Feature","properties":{"AreaCouncil":"Dearne"},"geometry":{"type":"Polygon","coordinates":[[[-1.4068098312274875,53.531479838007975],[-1.4025935578028854,53.53185806873453],[-1.4003263164330522,53.533348742774486],[-1.3975022087618565,53.53232529492616],[-1.3963089238303654,53.535395638471144],[-1.3952349673920232,53.53557362940129],[-1.3952747435564063,53.536174348790524],[-1.3961895953372163,53.53670832158096],[-1.3973431041043245,53.53839923541733],[-1.4028322147891836,53.53879971501016],[-1.4049005753371016,53.539378185533124],[-1.4058949794466775,53.54146957896232],[-1.4068098312274875,53.541803311956336],[-1.4069291597206366,53.54229278701423],[-1.409395281912385,53.54316049279869],[-1.4081622208165108,53.545785859018316],[-1.409236177254853,53.54594160108219],[-1.409236177254853,53.54885620256331],[-1.410429462186344,53.55221578136978],[-1.4085997586247243,53.55286099849155],[-1.409236177254853,53.553194731485576],[-1.410310133693195,53.55493014305448],[-1.412458046569879,53.55493014305448],[-1.4119011802685164,53.55564210677505],[-1.4105487906794931,53.55573110224013],[-1.4089975202685547,53.556710052355925],[-1.4087986394466394,53.5574220160765],[-1.4076451306795312,53.55784474453559],[-1.4078042353370634,53.559179676511675],[-1.4069689358850197,53.5595801561045],[-1.406412069583657,53.559313169709284],[-1.4058154271179115,53.55960240497077],[-1.4050994561590169,53.55946891177316],[-1.3979397465700698,53.55811173093081],[-1.3955134005427046,53.556710052355925],[-1.3936836969810849,53.55746651380903],[-1.3920528742413802,53.55751101154157],[-1.3914562317756347,53.55808948206454],[-1.3901833945153774,53.558022735465734],[-1.3848136123236672,53.55886819238392],[-1.3830634610908135,53.558801445785114],[-1.3817508476661733,53.55831197072722],[-1.379364277803191,53.55590909317027],[-1.3767788271182935,53.5547744009906],[-1.3760230799950157,53.553973441804956],[-1.3750286758854398,53.555419618112374],[-1.3745911380772264,53.55731077174516],[-1.3760628561593988,53.55808948206454],[-1.3765003939676124,53.55946891177316],[-1.3734376293101183,53.56062585281909],[-1.3728409868443727,53.56147130973728],[-1.3694600128718144,53.562606001916954],[-1.3686247134197707,53.563340214503796],[-1.367948518625259,53.561782793865035],[-1.3681473994471742,53.55998063569732],[-1.3654823964335105,53.557933740000664],[-1.362896945748613,53.556932541018604],[-1.3605103758856307,53.5542181793339],[-1.356771416433625,53.55210453703844],[-1.3556179076665171,53.5497684060803],[-1.3529529046528534,53.547654763784834],[-1.3510834249268506,53.54494040210013],[-1.3479808841049736,53.5432939859963],[-1.3466682706803335,53.54296025300228],[-1.3409007268447928,53.54563011695444],[-1.3373606482147025,53.54416169178075],[-1.3337012410914628,53.54133608576471],[-1.330757804927118,53.54035713564892],[-1.330638476433969,53.54189230742141],[-1.327575711776475,53.543538723525245],[-1.3280530257490715,53.545274135094154],[-1.3292065345161794,53.54658681820397],[-1.3341785550640592,53.54772151038364],[-1.3368037819133398,53.55036912546953],[-1.3360878109544452,53.55105884032384],[-1.3360082586256792,53.552416021166195],[-1.331791985201077,53.555330622647304],[-1.3309566857490331,53.55650981255951],[-1.3313942235572467,53.558578957122435],[-1.3303202671189047,53.55889044125019],[-1.3300816101326065,53.55942441404062],[-1.3307975810915011,53.559402165174355],[-1.3313942235572467,53.56218327345786],[-1.3318317613654602,53.56216102459159],[-1.3320704183517584,53.56280624171336],[-1.330757804927118,53.561560305202356],[-1.3289281013654983,53.56080384374924],[-1.327734816434007,53.559869391365986],[-1.3267006361600482,53.558623454854974],[-1.3267006361600482,53.55808948206454],[-1.3226434673929783,53.557355269477696],[-1.3215695109546362,53.557933740000664],[-1.32017734520123,53.55815622866334],[-1.3174725660231832,53.557622255872914],[-1.315125772324584,53.55615383069922],[-1.3041873271192483,53.5547744009906],[-1.3016018764343509,53.5531724826193],[-1.2973856030097488,53.55130357785279],[-1.2936864197221263,53.54694280006426],[-1.2885155183523311,53.54373896332166],[-1.2877995473934365,53.54104685050323],[-1.289350817804375,53.54069086864294],[-1.2870040241057756,53.537687271696754],[-1.2938455243796585,53.535818366930236],[-1.2895496986262902,53.534038457628796],[-1.2877995473934365,53.53214730399601],[-1.2864471578044132,53.53292601431539],[-1.285293649037305,53.53281476998406],[-1.2845776780784104,53.532347543792426],[-1.2849754397222408,53.53141309140917],[-1.2837821547907495,53.53052313675845],[-1.2823899890373434,53.53063438108979],[-1.2813160325990012,53.5314575891417],[-1.2803216284894252,53.53141309140917],[-1.2797647621880628,53.53112385614768],[-1.279884090681212,53.530879118618735],[-1.2761849073935894,53.5303451458283],[-1.275787145749759,53.52976667530533],[-1.275906474242908,53.52807576146896],[-1.2814353610921505,53.52894346725341],[-1.283105959996238,53.52723030455078],[-1.285293649037305,53.52783102394002],[-1.2860096199961997,53.52691882042303],[-1.286128948489349,53.52669633176034],[-1.2792874482154664,53.5226247892333],[-1.2765428928730367,53.52057789353663],[-1.2785714772565715,53.519309708159355],[-1.2811967041058523,53.51655084874212],[-1.2827877506811736,53.51650635100958],[-1.2831855123250042,53.5156608940914],[-1.286327829311264,53.514548450778],[-1.2887939515030125,53.515749889556474],[-1.2937261958865092,53.5151714190335],[-1.295357018626214,53.51528266336484],[-1.296550303557705,53.514971179237094],[-1.2993744112289007,53.51512692130097],[-1.303749789311035,53.51381423819115],[-1.3076876295849558,53.513791989324886],[-1.3103526325986192,53.512768541476554],[-1.3113868128725783,53.51283528807536],[-1.3115061413657274,53.51372524272608],[-1.3125800978040694,53.51372524272608],[-1.3152848769821162,53.51283528807536],[-1.3184271939683763,53.51303552787177],[-1.3198989120505487,53.51383648705742],[-1.3206944353382093,53.51390323365622],[-1.322524138899829,53.513102274470576],[-1.324552723283364,53.513102274470576],[-1.3260244413655364,53.51234581301746],[-1.3303202671189047,53.51463744624307],[-1.3345763167078897,53.514370459847854],[-1.341179159995474,53.51477093944068],[-1.3436055060228393,53.51428146438278],[-1.3450374479406288,53.51394773138876],[-1.35028790163919,53.51394773138876],[-1.3599932857486512,53.51296878127297],[-1.3665165767074696,53.514837686039485],[-1.3689031465704518,53.51521591676604],[-1.3825463709538341,53.518998224031606],[-1.3902629468441434,53.52155684365243],[-1.3971839994467923,53.524983169057705],[-1.4068098312274875,53.531479838007975]]]}},{"type":"Feature","properties":{"AreaCouncil":"North"},"geometry":{"type":"Polygon","coordinates":[[[-1.4838164854730498,53.5948001114068],[-1.4841346947881142,53.59419939201756],[-1.4886294013633976,53.59172976786181],[-1.4893453723222922,53.59057282681587],[-1.489106715335994,53.58812545152639],[-1.487197459445608,53.586924012747915],[-1.4858450698565848,53.58412065559814],[-1.4834982761579856,53.587925211729974],[-1.4822254388977283,53.588614926584285],[-1.4804752876648746,53.589015406177104],[-1.478685360267638,53.58894865957831],[-1.4770147613635503,53.58854817998548],[-1.4718836361581382,53.585188601179006],[-1.4685026621855801,53.58409840673187],[-1.4667525109527264,53.58423189992948],[-1.465439897528086,53.58543333870795],[-1.460189443829525,53.5872799946082],[-1.4582801879391392,53.58741348780581],[-1.454899213966581,53.58703525707925],[-1.4552571994460282,53.5866570263527],[-1.4543423476652184,53.585878316033316],[-1.4547003331446657,53.58434314426082],[-1.453904809857005,53.58409840673187],[-1.4538252575282389,53.583675678272776],[-1.4532286150624933,53.58387591806919],[-1.452751301089897,53.58356443394144],[-1.4544616761583675,53.58254098609311],[-1.4555356325967095,53.5812283029833],[-1.4537457051994729,53.580115859669895],[-1.4495692079392537,53.57833595036845],[-1.4505238358844468,53.577045516124905],[-1.4498874172543181,53.57341895092321],[-1.4535866005419407,53.57319646226053],[-1.4533479435556425,53.57221751214474],[-1.4553367517747944,53.57132755749402],[-1.4561322750624552,53.57212851667967],[-1.4581210832816072,53.57168353935431],[-1.4584392925966714,53.5721062678134],[-1.4593541443774813,53.57195052574953],[-1.4593541443774813,53.57139430409283],[-1.4607463101308875,53.57141655295909],[-1.4619793712267617,53.57268473833637],[-1.4630135515007208,53.5720395212146],[-1.4665138539664282,53.57108281996507],[-1.4623771328705921,53.5666107978452],[-1.4671502725965568,53.56322897017245],[-1.4679060197198346,53.56327346790499],[-1.4697754994458374,53.562472508719345],[-1.470650575062264,53.56271724624829],[-1.4729178164320973,53.55989164023225],[-1.4743497583498868,53.55906843218033],[-1.47975931670598,53.55760000700664],[-1.4825038720484096,53.55897943671526],[-1.4857257413634357,53.55913517877914],[-1.487913430404503,53.558400966192295],[-1.4896238054729736,53.55682129668726],[-1.491095523555146,53.555419618112374],[-1.4927661224592335,53.55444066799658],[-1.4948742591715345,53.55377320200854],[-1.497499486020815,53.55343946901452],[-1.5043012101303146,53.55370645540974],[-1.5075628556097238,53.55326147808438],[-1.507881064924788,53.55508588511836],[-1.5094721115001097,53.55744426494277],[-1.5099494254727062,53.55722177628009],[-1.5106653964316008,53.55913517877914],[-1.5103869632809195,53.559869391365986],[-1.5105062917740686,53.56015862662747],[-1.5111029342398141,53.56011412889493],[-1.5106256202672177,53.56020312436],[-1.5106653964316008,53.56060360395283],[-1.516035178623311,53.560314368691344],[-1.5168307019109717,53.559869391365986],[-1.516989806568504,53.55937991630809],[-1.5176660013630157,53.561404563138474],[-1.5173477920479512,53.562694997382025],[-1.5187001816369745,53.56327346790499],[-1.525303024924559,53.56136006540594],[-1.52832601341767,53.56514237267151],[-1.5303943739655879,53.564163422555715],[-1.5313887780751638,53.563940933893036],[-1.531508106568313,53.56420792028825],[-1.5323036298559738,53.56409667595691],[-1.5323036298559738,53.56385193842796],[-1.536917664924406,53.56329571677126],[-1.5362414701298945,53.56262825078322],[-1.5377927405408331,53.56218327345786],[-1.54089528136271,53.56307322810858],[-1.5427647610887127,53.564474906683465],[-1.5444751361571836,53.565075626072705],[-1.5444751361571836,53.56545385679926],[-1.544833121636631,53.56543160793299],[-1.5443955838284174,53.565987829589695],[-1.545151330951695,53.566299313717444],[-1.5443955838284174,53.56683328650788],[-1.5447137931434818,53.56714477063563],[-1.5443558076640342,53.56738950816458],[-1.543918269855821,53.56727826383324],[-1.5440773745133531,53.567589747960994],[-1.5427647610887127,53.56830171168157],[-1.5433216273900754,53.568546449210515],[-1.5424863279380316,53.56885793333827],[-1.5431625227325432,53.570014874384206],[-1.5426454325955636,53.57052659830837],[-1.5434011797188414,53.571149566563875],[-1.5423272232804994,53.57281823153398],[-1.5405372958832626,53.57324095999307],[-1.540736176705178,53.57399742144619],[-1.5412134906777744,53.57377493278351],[-1.5423669994448823,53.57410866577752],[-1.542963641910628,53.57393067484738],[-1.5435205082119905,53.574264407841405],[-1.5434011797188414,53.57395292371365],[-1.5442364791708854,53.5736414395859],[-1.5446740169790987,53.57417541237633],[-1.5456684210886746,53.574442398771545],[-1.545946854239356,53.57404191917872],[-1.5468219298557828,53.574308905573936],[-1.5467423775270166,53.57464263856796],[-1.5484129764311043,53.57497637156198],[-1.5500835753351918,53.57462038970169],[-1.5523905928694082,53.57510986475959],[-1.5529872353351537,53.57575508188136],[-1.553265668485835,53.575354602288535],[-1.5535838778008992,53.57568833528256],[-1.554260072595411,53.57551034435241],[-1.5548964912255396,53.5759330728115],[-1.5567261947871593,53.575265606823464],[-1.5562886569789458,53.57502086929451],[-1.5567261947871593,53.57464263856796],[-1.5587150030063113,53.57508761589332],[-1.5568852994446916,53.57653379220074],[-1.5557317906775834,53.578202457170846],[-1.5566068662940102,53.57871418109501],[-1.5587150030063113,53.58209600876775],[-1.559510526293972,53.582629981558185],[-1.5619766484857203,53.58329744754622],[-1.5632892619103607,53.584498886324695],[-1.5742674832800791,53.58685726614911],[-1.5754209920471873,53.589482632368735],[-1.5767733816362106,53.59063957341468],[-1.5762165153348482,53.59157402579793],[-1.573949273965015,53.59226374065224],[-1.574983454238974,53.594377382947705],[-1.5756994251978687,53.594822360273064],[-1.5754209920471873,53.59829318341088],[-1.572875317526673,53.598715911869974],[-1.5713240471157344,53.59940562672428],[-1.569931881362328,53.602186735007784],[-1.566670235882919,53.604878847826214],[-1.5644029945130857,53.606124784337226],[-1.561737991499422,53.6068367480578],[-1.5607038112254632,53.60645851733125],[-1.559550302458355,53.60661425939512],[-1.5576012704035862,53.60590229567455],[-1.5572035087597558,53.605212580820236],[-1.5504813369790222,53.60430037730325],[-1.549168723554382,53.60312118739104],[-1.548134543280423,53.60341042265252],[-1.5473390199927621,53.603187933989844],[-1.5476174531434435,53.6023869748042],[-1.5467026013626337,53.60234247707166],[-1.5463843920475693,53.601185536025724],[-1.5447137931434818,53.59947237332308],[-1.543043194239394,53.59931663125921],[-1.5424465517736485,53.598448925474756],[-1.5414919238284557,53.59873816073624],[-1.541849909307903,53.59827093454461],[-1.5410543860202421,53.59769246402164],[-1.539861101088751,53.59746997535896],[-1.539741772595602,53.59653552297571],[-1.5392246824586224,53.5964687763769],[-1.537912069033982,53.59522283986589],[-1.536639231773725,53.59526733759842],[-1.5369574410887892,53.594822360273064],[-1.5362414701298945,53.59453312501158],[-1.5363210224586605,53.593687668093395],[-1.5353663945134677,53.59384341015727],[-1.5321445251984416,53.5937544146922],[-1.5307921356094183,53.59313144643669],[-1.5302352693080556,53.59333168623311],[-1.5310705687600996,53.59379891242474],[-1.5298375076642254,53.59404364995368],[-1.528365789582053,53.5969582514348],[-1.5243881731437492,53.59769246402164],[-1.5187001816369745,53.59969486198576],[-1.5163136117739922,53.59769246402164],[-1.5158760739657788,53.597937201550586],[-1.512892861637051,53.5969582514348],[-1.510864277253516,53.59718074009748],[-1.5103869632809195,53.596847007103456],[-1.509790320815174,53.596980500301065],[-1.5103869632809195,53.59746997535896],[-1.5080401695823202,53.59827093454461],[-1.5072048701302765,53.59769246402164],[-1.501477102459119,53.59987285291591],[-1.4965448580756222,53.59735873102762],[-1.4950731399934498,53.603187933989844],[-1.4915330613633593,53.60272070779822],[-1.4928854509523826,53.59873816073624],[-1.4919705991715728,53.59680250937092],[-1.4893851484866754,53.59617954111541],[-1.4851290988976902,53.5969582514348],[-1.4842540232812633,53.59493360460441],[-1.4838164854730498,53.5948001114068]]]}},{"type":"Feature","properties":{"AreaCouncil":"South"},"geometry":{"type":"Polygon","coordinates":[[[-1.389626528214015,53.50938671380381],[-1.396985118624877,53.505693402003324],[-1.3964282523235145,53.50520392694543],[-1.4056165462959964,53.5048034473526],[-1.4054972178028473,53.50429172342844],[-1.4070882643781688,53.50400248816695],[-1.4075655783507652,53.50344626651025],[-1.408520206295958,53.503268275580105],[-1.4119409564328995,53.49924123078559],[-1.4095941627343003,53.49844027159994],[-1.4107078953370253,53.49688285096118],[-1.411622747117835,53.49621538497314],[-1.4162765583506507,53.49452447113677],[-1.416714096158864,53.49356776988724],[-1.4155605873917558,53.49327853462576],[-1.4150037210903934,53.492477575440105],[-1.4169129769807793,53.492210589044895],[-1.4190608898574633,53.49109814573149],[-1.419737084651975,53.49120939006283],[-1.4198961893095072,53.489829960354214],[-1.4220043260218083,53.489829960354214],[-1.422720296980703,53.49025268881331],[-1.424032910405343,53.489696467156605],[-1.4254250761587495,53.488695268174546],[-1.426021718624495,53.48738258506473],[-1.427851422186115,53.485847413292234],[-1.4328632188983776,53.487916557855165],[-1.4355679980764242,53.48845053064559],[-1.4409377802681345,53.49112039459776],[-1.4424094983503069,53.49016369334823],[-1.4436823356105641,53.488406032913055],[-1.4521546586241514,53.485024205240315],[-1.4507227167063619,53.4820428571604],[-1.4503249550625315,53.47763758163933],[-1.451836449309087,53.47616915646564],[-1.4567289175282008,53.47356603911228],[-1.4552174232816453,53.47176388094457],[-1.455973170404923,53.47185287640964],[-1.4657183306787673,53.48237659015442],[-1.467388929582855,53.48520219617046],[-1.469576618623922,53.49025268881331],[-1.4718836361581382,53.493389778957095],[-1.474469086843036,53.4956146655839],[-1.4812310347881523,53.50026467863392],[-1.484969994240158,53.50446971435858],[-1.489066939171611,53.50809627956027],[-1.490220447938719,53.5096759490653],[-1.4908170904044646,53.51261279941268],[-1.4889476106784618,53.51706257266628],[-1.4873167879387572,53.5173295590615],[-1.4863223838291812,53.51864224217132],[-1.4845722325963275,53.51971018775218],[-1.4829414098566231,53.51962119228711],[-1.4822652150621114,53.51873123763639],[-1.4826232005415587,53.51833075804356],[-1.4816685725963659,53.51777453638686],[-1.481907229582664,53.517396305660306],[-1.4813901394456845,53.51764104318926],[-1.4803161830073426,53.51617261801557],[-1.4796399882128308,53.51595012935289],[-1.4773727468429976,53.51695132833495],[-1.4751055054731645,53.517529798857915],[-1.4750259531443983,53.51786353185194],[-1.4724007262951178,53.51603912481796],[-1.4716052030074571,53.51450395304546],[-1.467309377254089,53.51477093944068],[-1.4645648219116594,53.51541615656245],[-1.4631328799938699,53.51443720644666],[-1.4634113131445512,53.513791989324886],[-1.4614622810897822,53.511411360634206],[-1.4568482460213499,53.51290203467416],[-1.4555356325967095,53.513413758598325],[-1.4534672720487916,53.51494893037082],[-1.4515977923227887,53.51701807493375],[-1.449807864925552,53.5199771741474],[-1.447699728213251,53.52253579376822],[-1.4434039024598828,53.525428146383064],[-1.4413753180763478,53.52634034990005],[-1.4375568062955761,53.52723030455078],[-1.428925378624457,53.527119060219434],[-1.4255046284875155,53.52803126373642],[-1.4235953725971298,53.52709681135317],[-1.4192199945149955,53.52587312370843],[-1.4163163345150336,53.52593987030723],[-1.4160379013643525,53.52734154888212],[-1.4148446164328612,53.52720805568451],[-1.4110261046520896,53.530790123153665],[-1.4096737150630663,53.529877919636675],[-1.4068098312274875,53.531479838007975],[-1.3971839994467923,53.524983169057705],[-1.3902629468441434,53.52155684365243],[-1.3825463709538341,53.518998224031606],[-1.3689031465704518,53.51521591676604],[-1.3693406843786653,53.514370459847854],[-1.3707328501320717,53.514704192841876],[-1.3792449493100418,53.51439270871412],[-1.3808757720497464,53.51388098478996],[-1.389626528214015,53.50938671380381]]]}},{"type":"Feature","properties":{"AreaCouncil":"Penistone"},"geometry":{"type":"Polygon","coordinates":[[[-1.4845722325963275,53.51971018775218],[-1.4863223838291812,53.51864224217132],[-1.4873167879387572,53.5173295590615],[-1.4889476106784618,53.51706257266628],[-1.4908170904044646,53.51261279941268],[-1.490220447938719,53.5096759490653],[-1.489066939171611,53.50809627956027],[-1.484969994240158,53.50446971435858],[-1.4812310347881523,53.50026467863392],[-1.474469086843036,53.4956146655839],[-1.4718836361581382,53.493389778957095],[-1.469576618623922,53.49025268881331],[-1.467388929582855,53.48520219617046],[-1.4657183306787673,53.48237659015442],[-1.455973170404923,53.47185287640964],[-1.4564504843775194,53.471919623008446],[-1.460229219993908,53.47572417914028],[-1.4615418334185484,53.476213654198176],[-1.463371536980168,53.47777107483694],[-1.465161464377405,53.4782827987611],[-1.4668718394458755,53.478082558964694],[-1.4740713251992055,53.479128255679285],[-1.4779693893087433,53.48008495692881],[-1.4796399882128308,53.480930413847],[-1.4845722325963275,53.48477946771137],[-1.489066939171611,53.4864258838152],[-1.4924876893085521,53.486626123611615],[-1.4946753783496194,53.486314639483865],[-1.495311796979748,53.48513544957166],[-1.494476497527704,53.4809971604458],[-1.5064491230069987,53.470139713707],[-1.5076424079384898,53.46824856007422],[-1.5073639747878087,53.466602143970384],[-1.5116995767055599,53.4657566870522],[-1.5148021175274369,53.463665293623],[-1.514921446020586,53.46179638885649],[-1.5163533879383753,53.46059495007802],[-1.515040774513735,53.459615999962224],[-1.5173875682123343,53.45834781458495],[-1.5166715972534397,53.457925086125854],[-1.518143315335612,53.457235371271544],[-1.5148021175274369,53.453809045866265],[-1.5131315186233492,53.45145066604185],[-1.5184217484862934,53.44933702374639],[-1.5188195101301236,53.44764610991002],[-1.5205696613629773,53.44577720514351],[-1.5207685421848924,53.44450901976623],[-1.523314216705407,53.44308509232507],[-1.5238313068423865,53.441327431889896],[-1.5246666062944303,53.44048197497171],[-1.525501905746474,53.440281735175304],[-1.5264565336916671,53.43901354979802],[-1.5278486994450735,53.43852407474012],[-1.5318660920477603,53.43865756793773],[-1.5318660920477603,53.43827933721118],[-1.5329002723217193,53.438323834943716],[-1.5340140049244444,53.438635319071466],[-1.5350879613627864,53.43994800218128],[-1.5373949788970025,53.440837956832],[-1.5407759528695608,53.44097145002961],[-1.5458673019105897,53.44172791148272],[-1.5482936479379552,53.44490949935905],[-1.5511177556091509,53.44608868927126],[-1.5512370841023,53.44655591546289],[-1.5504017846502562,53.44757936331121],[-1.5473390199927621,53.44987099653682],[-1.5487311857461685,53.45118367964664],[-1.5525099213625573,53.45278559801793],[-1.5525496975269402,53.45345306400598],[-1.5513961887598322,53.45543321310383],[-1.5404179673901135,53.456100679091875],[-1.5405372958832626,53.45699063374259],[-1.5393042347873884,53.45776934406197],[-1.5401793104038153,53.46106217626964],[-1.539900877253134,53.46155165132754],[-1.5391053539654733,53.46168514452515],[-1.5394235632805375,53.4624861037108],[-1.541849909307903,53.46433275961105],[-1.5441967030065022,53.467759085016326],[-1.5443955838284174,53.46882703059719],[-1.5455093164311424,53.46991722504432],[-1.548134543280423,53.471318903619206],[-1.5445149123215665,53.472186609403664],[-1.5436796128695227,53.47263158672902],[-1.5465832728694844,53.474611735826876],[-1.5496460375269785,53.47848303855751],[-1.557362613417288,53.48028519672523],[-1.5572432849241389,53.48104165817834],[-1.5581183605405657,53.48268807428217],[-1.5593911978008228,53.4835780289329],[-1.5611015728692936,53.483934010793185],[-1.5608629158829954,53.48428999265347],[-1.5622153054720185,53.48428999265347],[-1.5640847851980215,53.48486846317644],[-1.5650791893075975,53.484890712042706],[-1.5652780701295126,53.48546918256568],[-1.5663520265678545,53.48564717349582],[-1.5659940410884072,53.48606990195491],[-1.5673066545130476,53.48629239061759],[-1.5691761342390502,53.4864258838152],[-1.5748243495814418,53.48598090648984],[-1.5763358438279973,53.48613664855372],[-1.582342044649836,53.48758282486114],[-1.5872345128689498,53.48820579311665],[-1.589501754238783,53.48958522282526],[-1.5928031758825751,53.490519675208525],[-1.6021505745125892,53.49187685605087],[-1.6023096791701212,53.49154312305685],[-1.6066452810878724,53.49287805503293],[-1.609310284101536,53.491698865120725],[-1.6096284934166003,53.492255086777426],[-1.6119355109508167,53.49332303235829],[-1.6144414093069481,53.49310054369561],[-1.6149982756083106,53.490608670673595],[-1.6222773136904065,53.492166091312356],[-1.6243058980739415,53.49223283791116],[-1.6338124013614879,53.49236633110877],[-1.6416880819093294,53.494079493811405],[-1.6480522682106156,53.49479145753198],[-1.6550926493064133,53.49677160662984],[-1.6595078035529305,53.49848476933248],[-1.669252963826775,53.50062066049421],[-1.6803107375252597,53.5004871672966],[-1.6821404410868794,53.49941922171573],[-1.6825779788950928,53.499508217180804],[-1.6840894731416483,53.498840751192766],[-1.6844474586210956,53.499441470582006],[-1.6888228367032299,53.49908548872171],[-1.688981941360762,53.49964171037841],[-1.6905332117717005,53.49981970130856],[-1.6906923164292327,53.499441470582006],[-1.6934368717716624,53.50017568316885],[-1.6984486684839253,53.50255631185953],[-1.7011136714975887,53.50311253351623],[-1.7029831512235916,53.50291229371982],[-1.7033013605386558,53.50184434813895],[-1.7044150931413808,53.50173310380761],[-1.7052901687578077,53.50115463328464],[-1.7061254682098517,53.50173310380761],[-1.707477857798875,53.50133262421478],[-1.7111770410864975,53.50117688215091],[-1.7110179364289653,53.500798651424354],[-1.7118930120453921,53.49981970130856],[-1.712847639990585,53.49961946151215],[-1.7124896545111377,53.49857376479755],[-1.7140409249220763,53.49790629880951],[-1.7137227156070118,53.49663811343223],[-1.7156717476617809,53.49548117238629],[-1.7160695093056113,53.494123991543944],[-1.7172627942371024,53.493946000613796],[-1.7195698117713185,53.49292255276547],[-1.7197686925932338,53.492477575440105],[-1.7215983961548535,53.49263331750399],[-1.7214392914973213,53.49196585151594],[-1.7228314572507277,53.49154312305685],[-1.730388928483505,53.49136513212671],[-1.7318208704012945,53.49103139913269],[-1.7336107977985311,53.48811679765157],[-1.7354405013601508,53.486626123611615],[-1.7362360246478117,53.48375601986304],[-1.737707742729984,53.48157563096877],[-1.7366337862916421,53.48075242291686],[-1.736395129305344,53.4793284954757],[-1.73870214683956,53.477125857715166],[-1.739696550949136,53.47719260431397],[-1.7416455830039048,53.47823830102857],[-1.7423217777984166,53.479039260214215],[-1.7433559580723756,53.4793284954757],[-1.744787899990165,53.47897251361541],[-1.7462993942367204,53.47897251361541],[-1.7489643972503839,53.47984021939987],[-1.751112310127068,53.479906965998666],[-1.754135298620179,53.480641178585515],[-1.7574764964283542,53.48104165817834],[-1.7605392610858481,53.48075242291686],[-1.7618916506748714,53.481241897974755],[-1.7628860547844474,53.48108615591087],[-1.7639600112227896,53.48139764003863],[-1.7659885956063244,53.48106390704461],[-1.7710799446473533,53.482421087886955],[-1.7737051714966339,53.48248783448576],[-1.7804273432773674,53.48435673925228],[-1.7836492125923935,53.48477946771137],[-1.7855186923183963,53.484757218845104],[-1.78726884355125,53.48435673925228],[-1.790450936701893,53.48248783448576],[-1.7919624309484485,53.4819761105616],[-1.8014689342359946,53.48097491157954],[-1.801866695879825,53.48651487928028],[-1.8002358731401205,53.488094548785305],[-1.8002756493045036,53.49278905956786],[-1.7998778876606731,53.492989299364275],[-1.8002756493045036,53.49334528122456],[-1.799718783003141,53.49354552102098],[-1.7979288556059043,53.49336753009083],[-1.7974913177976908,53.49387925401499],[-1.7958604950579862,53.49427973360782],[-1.7958604950579862,53.49525868372361],[-1.7950251956059424,53.495903900845384],[-1.7953434049210069,53.49670486003104],[-1.7950649717703255,53.49817328520472],[-1.7958604950579862,53.49946371944827],[-1.7957013904004542,53.50095439348823],[-1.7960593758799015,53.50131037534852],[-1.7962980328661997,53.503134782382496],[-1.796735570674413,53.50302353805116],[-1.7970935561538606,53.5036910040392],[-1.7990028120442463,53.504647705288725],[-1.803935056427743,53.505048184881545],[-1.8077535682085148,53.50609388159614],[-1.8103787950577952,53.506338619125096],[-1.8007529632771,53.51136686290167],[-1.806878492592088,53.51207882662224],[-1.8099412572495819,53.51187858682584],[-1.8136404405372044,53.51207882662224],[-1.8195273128658942,53.513413758598325],[-1.8208001501261513,53.51848650010744],[-1.822590077523388,53.519999423013665],[-1.8221923158795577,53.5210896174608],[-1.8042532657428074,53.536997556842444],[-1.8037361756058279,53.53635233972067],[-1.79983811149629,53.534483434954154],[-1.7970537799894775,53.53388271556492],[-1.7940307914963665,53.534349941756545],[-1.791644221633384,53.53541788733742],[-1.7885814569758902,53.53552913166875],[-1.78543913998963,53.53477267021564],[-1.7768077123185109,53.53550688280249],[-1.771795915606248,53.53383821783238],[-1.765551057798111,53.53561812713382],[-1.7558854498530327,53.536686072714694],[-1.7424808824559488,53.541069099369494],[-1.741605806839522,53.54109134823576],[-1.7401738649217324,53.542070298351554],[-1.7331334838259347,53.545096144164006],[-1.73019004766159,53.54676480913411],[-1.729195643552014,53.547521270587225],[-1.7295536290314613,53.54803299451139],[-1.7288774342369495,53.54814423884273],[-1.7274454923191602,53.55016888567312],[-1.7245020561548154,53.55221578136978],[-1.7264113120452012,53.554507414595385],[-1.725297579442476,53.555330622647304],[-1.7232292188945582,53.55993613796479],[-1.7041366599906997,53.560225373226274],[-1.6990453109496708,53.55379545087481],[-1.6706053534157983,53.55412918386883],[-1.6695313969774563,53.55321698035184],[-1.6686960975254124,53.553728704276004],[-1.6673834841007722,53.55339497128198],[-1.661934149580296,53.55368420654347],[-1.6622523588953602,53.55444066799658],[-1.6615761641008486,53.55466315665927],[-1.6617750449227637,53.5558200977052],[-1.6639627339638308,53.557488762675305],[-1.6608999693063369,53.5595801561045],[-1.6604624314981236,53.55924642311048],[-1.6593089227310154,53.55980264476718],[-1.6585133994433545,53.55886819238392],[-1.6574792191693957,53.559179676511675],[-1.658036085470758,53.55975814703464],[-1.6563257104022875,53.56035886642388],[-1.6565643673885857,53.56053685735402],[-1.651711675333855,53.56073709715044],[-1.6509161520461944,53.56160480293489],[-1.6496830909503202,53.56151580746982],[-1.6489273438270424,53.56198303366145],[-1.6467794309503583,53.562316766655464],[-1.6377502416354086,53.562316766655464],[-1.6336135205395725,53.562917486044704],[-1.6333748635532743,53.56316222357365],[-1.6279653051971812,53.56331796563753],[-1.6270504534163712,53.56358495203275],[-1.6222773136904065,53.56280624171336],[-1.6193736536904448,53.56311772584112],[-1.6157142465672052,53.56302873037605],[-1.6164302175261,53.56449715554973],[-1.6144414093069481,53.5650088794739],[-1.6130492435535417,53.56643280691505],[-1.6120946156083487,53.56770099229233],[-1.6122537202658809,53.568546449210515],[-1.6107422260193256,53.57010386984928],[-1.6096284934166003,53.57208401894713],[-1.607202147389235,53.571527797290436],[-1.6062475194440422,53.572884978132784],[-1.5983320627318176,53.576600538799546],[-1.5961841498551335,53.576956520659834],[-1.5964228068414317,53.57720125818878],[-1.6002413186222033,53.57737924911893],[-1.5995253476633087,53.57909241182156],[-1.5984513912249665,53.57922590501917],[-1.5980536295811363,53.57975987780961],[-1.5992071383482442,53.58069433019286],[-1.600798184923566,53.5812283029833],[-1.6023096791701212,53.58305271001728],[-1.6024687838276535,53.58496611251633],[-1.6005197517728846,53.58630104449241],[-1.6017130367043757,53.58774722079983],[-1.5993264668413936,53.58885966411323],[-1.5995651238276918,53.58928239257232],[-1.5980138534167532,53.5894381346362],[-1.5977354202660718,53.59023909382185],[-1.5910928008141045,53.59235273611731],[-1.5896210827319321,53.59388790788981],[-1.5890642164305695,53.59357642376205],[-1.5879902599922275,53.59350967716325],[-1.5865185419100551,53.5969582514348],[-1.586438989581289,53.59998409724725],[-1.5852059284854148,53.60020658590993],[-1.5858423471155434,53.60225348160659],[-1.5869560797182685,53.60376640451281],[-1.587592498348397,53.60345492038506],[-1.5878709314990784,53.603610662448936],[-1.5910928008141045,53.606770001459],[-1.5899392920469964,53.607081485586754],[-1.5881891408141426,53.60650301506378],[-1.586438989581289,53.607170481051824],[-1.5845297336909032,53.60588004680828],[-1.5835751057457101,53.60563530927933],[-1.5819045068416226,53.6057910513432],[-1.577051814786892,53.60754871177838],[-1.57192068958148,53.608594408492976],[-1.5661531457459394,53.60668100599393],[-1.564641651499384,53.606947992389145],[-1.5634483665678929,53.60765995610972],[-1.560465154239165,53.60757096064465],[-1.5598287356090363,53.60719272991809],[-1.5600276164309514,53.606725503726466],[-1.5587150030063113,53.60685899692407],[-1.5576012704035862,53.60590229567455],[-1.559550302458355,53.60661425939512],[-1.5607038112254632,53.60645851733125],[-1.561737991499422,53.6068367480578],[-1.5644029945130857,53.606124784337226],[-1.566670235882919,53.604878847826214],[-1.569931881362328,53.602186735007784],[-1.5713240471157344,53.59940562672428],[-1.572875317526673,53.598715911869974],[-1.5754209920471873,53.59829318341088],[-1.5756994251978687,53.594822360273064],[-1.574983454238974,53.594377382947705],[-1.573949273965015,53.59226374065224],[-1.5762165153348482,53.59157402579793],[-1.5767733816362106,53.59063957341468],[-1.5754209920471873,53.589482632368735],[-1.5742674832800791,53.58685726614911],[-1.5632892619103607,53.584498886324695],[-1.5619766484857203,53.58329744754622],[-1.559510526293972,53.582629981558185],[-1.5587150030063113,53.58209600876775],[-1.5566068662940102,53.57871418109501],[-1.5557317906775834,53.578202457170846],[-1.5568852994446916,53.57653379220074],[-1.5587150030063113,53.57508761589332],[-1.5567261947871593,53.57464263856796],[-1.5562886569789458,53.57502086929451],[-1.5567261947871593,53.575265606823464],[-1.5548964912255396,53.5759330728115],[-1.554260072595411,53.57551034435241],[-1.5535838778008992,53.57568833528256],[-1.553265668485835,53.575354602288535],[-1.5529872353351537,53.57575508188136],[-1.5523905928694082,53.57510986475959],[-1.5500835753351918,53.57462038970169],[-1.5484129764311043,53.57497637156198],[-1.5467423775270166,53.57464263856796],[-1.5468219298557828,53.574308905573936],[-1.545946854239356,53.57404191917872],[-1.5456684210886746,53.574442398771545],[-1.5446740169790987,53.57417541237633],[-1.5442364791708854,53.5736414395859],[-1.5434011797188414,53.57395292371365],[-1.5435205082119905,53.574264407841405],[-1.542963641910628,53.57393067484738],[-1.5423669994448823,53.57410866577752],[-1.5412134906777744,53.57377493278351],[-1.540736176705178,53.57399742144619],[-1.5405372958832626,53.57324095999307],[-1.5423272232804994,53.57281823153398],[-1.5434011797188414,53.571149566563875],[-1.5426454325955636,53.57052659830837],[-1.5431625227325432,53.570014874384206],[-1.5424863279380316,53.56885793333827],[-1.5433216273900754,53.568546449210515],[-1.5427647610887127,53.56830171168157],[-1.5440773745133531,53.567589747960994],[-1.543918269855821,53.56727826383324],[-1.5443558076640342,53.56738950816458],[-1.5447137931434818,53.56714477063563],[-1.5443955838284174,53.56683328650788],[-1.545151330951695,53.566299313717444],[-1.5443955838284174,53.565987829589695],[-1.544833121636631,53.56543160793299],[-1.5444751361571836,53.56545385679926],[-1.5444751361571836,53.565075626072705],[-1.5427647610887127,53.564474906683465],[-1.54089528136271,53.56307322810858],[-1.5410146098558593,53.56158255406862],[-1.5423272232804994,53.561093079010725],[-1.5444751361571836,53.56084834148178],[-1.54403759834897,53.56033661755761],[-1.554339624924177,53.5579782377332],[-1.5541407441022619,53.556576559158316],[-1.5555726860200512,53.555197129449695],[-1.5548964912255396,53.55513038285089],[-1.5552147005406038,53.5547076543918],[-1.5537032062940483,53.554284925932706],[-1.5519928312255777,53.553038989421694],[-1.550163127663958,53.55257176323007],[-1.550163127663958,53.55128132898652],[-1.5494869328694463,53.550324627737],[-1.5504813369790222,53.549256682156134],[-1.5496460375269785,53.54867821163316],[-1.5499642468420427,53.54772151038364],[-1.5484527525954874,53.547565768319764],[-1.5486516334174025,53.53986766059102],[-1.5504017846502562,53.53888871047523],[-1.5512370841023,53.5379320092257],[-1.5509188747872358,53.53639683745321],[-1.5494471567050634,53.53419419969267],[-1.5496460375269785,53.5329927609142],[-1.5505211131434053,53.532258548327356],[-1.550242679992724,53.531791322135724],[-1.5453502117736102,53.53072337655486],[-1.5446740169790987,53.53036739469457],[-1.5444751361571836,53.53054538562471],[-1.5434011797188414,53.53014490603189],[-1.5420885662942012,53.530100408299354],[-1.5411339383490081,53.53072337655486],[-1.5402986388969644,53.53054538562471],[-1.5359630369792132,53.53121285161276],[-1.5350481851984035,53.531012611816344],[-1.53461064739019,53.53132409594409],[-1.5338946764312953,53.53121285161276],[-1.5312694495820147,53.531702326670654],[-1.5288828797190324,53.53105710954888],[-1.5275702662943922,53.53150208687424],[-1.525422353417708,53.531702326670654],[-1.5249848156094947,53.53121285161276],[-1.5238313068423865,53.53127959821156],[-1.523194888212258,53.530968114083805],[-1.5230755597191088,53.53125734934529],[-1.5216436178013195,53.530968114083805],[-1.521206079993106,53.53123510047902],[-1.5195752572534014,53.531101607281414],[-1.5163931641027584,53.53185806873453],[-1.5146430128699047,53.53150208687424],[-1.5118586813630919,53.53241429039123],[-1.510864277253516,53.53208055739721],[-1.5096709923220248,53.53263677905391],[-1.5093130068425775,53.532347543792426],[-1.5085970358836829,53.532703525652714],[-1.5075628556097238,53.532481036990035],[-1.5073241986234256,53.53274802338525],[-1.5070457654727443,53.532481036990035],[-1.506608227664531,53.53281476998406],[-1.5061706898563174,53.532659027920175],[-1.5061706898563174,53.53292601431539],[-1.505733152048104,53.53283701885032],[-1.505613823554955,53.53232529492616],[-1.5050967334179755,53.532659027920175],[-1.5050967334179755,53.53223629946108],[-1.504539867116613,53.5325032858563],[-1.503505686842654,53.53203605966467],[-1.503505686842654,53.532481036990035],[-1.5031079251988235,53.532436539257496],[-1.5028294920481422,53.531880317600795],[-1.501317997801587,53.530968114083805],[-1.498454113966008,53.52992241736921],[-1.499607622733116,53.53168007780438],[-1.4992496372536688,53.53185806873453],[-1.4952322446509818,53.52883222292208],[-1.4945958260208534,53.52903246271849],[-1.4934423172537452,53.52852073879432],[-1.4896635816373565,53.52823150353284],[-1.4874758925962894,53.52751953981226],[-1.4866405931442457,53.527586286411065],[-1.4860439506785,53.527052313620636],[-1.4844131279387955,53.52743054434719],[-1.4834187238292196,53.52723030455078],[-1.4833789476648365,53.526674082894075],[-1.4822652150621114,53.526718580626614],[-1.4835380523223687,53.52607336350484],[-1.4815094679388336,53.52553939071441],[-1.4816287964319828,53.52482742699383],[-1.4826629767059418,53.52371498368043],[-1.4810321539662372,53.52344799728521],[-1.4821061104045792,53.52353699275028],[-1.4822652150621114,53.52106736859453],[-1.4845722325963275,53.51971018775218]]]}},{"type":"Feature","id":"E05000976","properties":{"WD13CD":"E05000976","WD13CDO":"00CCFZ","WD13NM":"Central","WD13NMW":null},"geometry":{"type":"Polygon","coordinates":[[[-1.464167060267829,53.53942268326566],[-1.4659967638294487,53.53955617646327],[-1.4665934062951942,53.54060187317786],[-1.4671502725965568,53.54053512657906],[-1.4681844528705157,53.54133608576471],[-1.4689401999937934,53.54104685050323],[-1.4700937087609016,53.54195905402022],[-1.4716847553362231,53.54195905402022],[-1.4721620693088195,53.54360547012405],[-1.4730769210896295,53.54456217137358],[-1.4749464008156323,53.545007148698936],[-1.4782478224594244,53.54449542477477],[-1.4785262556101058,53.54676480913411],[-1.4845722325963275,53.549345677621204],[-1.4858450698565848,53.55072510732982],[-1.4854473082127544,53.55092534712623],[-1.4861632791716493,53.55165955971308],[-1.487197459445608,53.55201554157337],[-1.4887487298565467,53.55339497128198],[-1.4867599216373948,53.55399569067122],[-1.4882316397195672,53.55584234657147],[-1.4896238054729736,53.55682129668726],[-1.487913430404503,53.558400966192295],[-1.4857257413634357,53.55913517877914],[-1.4825038720484096,53.55897943671526],[-1.47975931670598,53.55760000700664],[-1.4743497583498868,53.55906843218033],[-1.4729178164320973,53.55989164023225],[-1.470650575062264,53.56271724624829],[-1.4697754994458374,53.562472508719345],[-1.4679060197198346,53.56327346790499],[-1.4671502725965568,53.56322897017245],[-1.4623771328705921,53.5666107978452],[-1.4616611619116975,53.56687778424041],[-1.4610247432815688,53.56634381144998],[-1.4600303391719929,53.56643280691505],[-1.4593143682130982,53.56583208752582],[-1.4597519060213116,53.56558734999687],[-1.4593541443774813,53.56514237267151],[-1.4570073506788819,53.563384712236335],[-1.4564107082131363,53.56202753139398],[-1.4546207808158997,53.56107083014446],[-1.455058318624113,53.5606925994179],[-1.454899213966581,53.56020312436],[-1.4535070482131747,53.55933541857555],[-1.4523137632816834,53.557800246803055],[-1.4506033882132128,53.556665554623386],[-1.4480974898570813,53.556064835234146],[-1.449728312596786,53.554507414595385],[-1.4482168183502304,53.55379545087481],[-1.4499669695830841,53.553550713345864],[-1.45096137369266,53.552416021166195],[-1.4502851788981486,53.55226027910231],[-1.4521944347885343,53.55016888567312],[-1.4538252575282389,53.54996864587671],[-1.454899213966581,53.54836672750541],[-1.4578426501309258,53.546920551197985],[-1.4565698128706686,53.546698062535306],[-1.4599110106788438,53.545274135094154],[-1.4637295224596154,53.544317433844625],[-1.4645250457472763,53.542315035880506],[-1.464167060267829,53.53942268326566]]]}},{"type":"Feature","id":"E05000977","properties":{"WD13CD":"E05000977","WD13CDO":"00CCGA","WD13NM":"Cudworth","WD13NMW":null},"geometry":{"type":"Polygon","coordinates":[[[-1.4050994561590169,53.55946891177316],[-1.4050994561590169,53.559869391365986],[-1.4133728983506888,53.56282849057963],[-1.4206121602684019,53.56714477063563],[-1.4212485788985305,53.566900033106684],[-1.4226805208163198,53.56701127743802],[-1.425942166295729,53.5661213227873],[-1.4278116460217318,53.56601007845596],[-1.4308744106792257,53.56627706485118],[-1.4318688147888017,53.567167019501895],[-1.4334598613641232,53.565476105665525],[-1.4336587421860385,53.56816821848396],[-1.4346133701312314,53.567300512699504],[-1.438352329583237,53.56596558072342],[-1.4401820331448567,53.56683328650788],[-1.4396649430078772,53.56732276156578],[-1.439346733692813,53.56861319580932],[-1.4398638238297925,53.56872444014066],[-1.440341137802389,53.5682794628153],[-1.4418526320489444,53.56881343560573],[-1.446745100268058,53.56734501043204],[-1.4460291293091634,53.568457453745445],[-1.4426879315009882,53.57070458923852],[-1.4422503936927749,53.57324095999307],[-1.4413753180763478,53.57446464763781],[-1.438431881912003,53.57640029900313],[-1.4357271027339564,53.57602206827658],[-1.4349713556106787,53.57742374685146],[-1.4315506054737375,53.58044959266392],[-1.4294026925970533,53.58085007225674],[-1.4292833641039042,53.585233098911544],[-1.431113067665524,53.5905505779496],[-1.431033515336758,53.592686469111335],[-1.4291640356107551,53.59324269076804],[-1.4273343320491354,53.59313144643669],[-1.4257830616381968,53.59362092149459],[-1.4234362679395975,53.593687668093395],[-1.4211292504053814,53.59330943736684],[-1.4194586515012937,53.59244173158238],[-1.4180664857478873,53.592219242919704],[-1.4159583490355863,53.5905505779496],[-1.4148446164328612,53.59023909382185],[-1.4119011802685164,53.58946038350247],[-1.4085997586247243,53.589527130101274],[-1.408241773145277,53.58912665050845],[-1.407287145200084,53.58932689030486],[-1.404184604378207,53.58603405809719],[-1.4037868427343767,53.58265223042445],[-1.4044630375288882,53.579337149350515],[-1.4034288572549292,53.57559933981749],[-1.4025537816385025,53.57442014990528],[-1.4014002728713943,53.57346344865575],[-1.3930472783509562,53.57424215897513],[-1.3889901095838864,53.5736414395859],[-1.3888310049263541,53.57112731769761],[-1.3874388391729477,53.570192865314354],[-1.3865239873921378,53.56888018220454],[-1.3857682402688603,53.568679942408124],[-1.386563763556521,53.56572084319448],[-1.3838589843784743,53.56204978026025],[-1.3765003939676124,53.55946891177316],[-1.3760628561593988,53.55808948206454],[-1.3745911380772264,53.55731077174516],[-1.3750286758854398,53.555419618112374],[-1.3760230799950157,53.553973441804956],[-1.3767788271182935,53.5547744009906],[-1.379364277803191,53.55590909317027],[-1.3817508476661733,53.55831197072722],[-1.3830634610908135,53.558801445785114],[-1.3848136123236672,53.55886819238392],[-1.3901833945153774,53.558022735465734],[-1.3914562317756347,53.55808948206454],[-1.3920528742413802,53.55751101154157],[-1.3936836969810849,53.55746651380903],[-1.3955134005427046,53.556710052355925],[-1.3979397465700698,53.55811173093081],[-1.4050994561590169,53.55946891177316]]]}},{"type":"Feature","id":"E05000978","properties":{"WD13CD":"E05000978","WD13CDO":"00CCGB","WD13NM":"Darfield","WD13NMW":null},"geometry":{"type":"Polygon","coordinates":[[[-1.4068098312274875,53.531479838007975],[-1.4025935578028854,53.53185806873453],[-1.4003263164330522,53.533348742774486],[-1.3975022087618565,53.53232529492616],[-1.3963089238303654,53.535395638471144],[-1.3952349673920232,53.53557362940129],[-1.3952747435564063,53.536174348790524],[-1.3961895953372163,53.53670832158096],[-1.3973431041043245,53.53839923541733],[-1.4028322147891836,53.53879971501016],[-1.4049005753371016,53.539378185533124],[-1.4058949794466775,53.54146957896232],[-1.4068098312274875,53.541803311956336],[-1.4069291597206366,53.54229278701423],[-1.409395281912385,53.54316049279869],[-1.4081622208165108,53.545785859018316],[-1.409236177254853,53.54594160108219],[-1.409236177254853,53.54885620256331],[-1.410429462186344,53.55221578136978],[-1.4085997586247243,53.55286099849155],[-1.409236177254853,53.553194731485576],[-1.410310133693195,53.55493014305448],[-1.412458046569879,53.55493014305448],[-1.4119011802685164,53.55564210677505],[-1.4105487906794931,53.55573110224013],[-1.4089975202685547,53.556710052355925],[-1.4087986394466394,53.5574220160765],[-1.4076451306795312,53.55784474453559],[-1.4078042353370634,53.559179676511675],[-1.4069689358850197,53.5595801561045],[-1.406412069583657,53.559313169709284],[-1.4058154271179115,53.55960240497077],[-1.4050994561590169,53.55946891177316],[-1.3979397465700698,53.55811173093081],[-1.3955134005427046,53.556710052355925],[-1.3936836969810849,53.55746651380903],[-1.3920528742413802,53.55751101154157],[-1.3914562317756347,53.55808948206454],[-1.3901833945153774,53.558022735465734],[-1.3848136123236672,53.55886819238392],[-1.3830634610908135,53.558801445785114],[-1.3817508476661733,53.55831197072722],[-1.379364277803191,53.55590909317027],[-1.3767788271182935,53.5547744009906],[-1.3760230799950157,53.553973441804956],[-1.3750286758854398,53.555419618112374],[-1.3745911380772264,53.55731077174516],[-1.3760628561593988,53.55808948206454],[-1.3765003939676124,53.55946891177316],[-1.3734376293101183,53.56062585281909],[-1.3728409868443727,53.56147130973728],[-1.3694600128718144,53.562606001916954],[-1.3686247134197707,53.563340214503796],[-1.367948518625259,53.561782793865035],[-1.3681473994471742,53.55998063569732],[-1.3654823964335105,53.557933740000664],[-1.362896945748613,53.556932541018604],[-1.3605103758856307,53.5542181793339],[-1.356771416433625,53.55210453703844],[-1.3556179076665171,53.5497684060803],[-1.3529529046528534,53.547654763784834],[-1.3510834249268506,53.54494040210013],[-1.3479808841049736,53.5432939859963],[-1.3466682706803335,53.54296025300228],[-1.3409007268447928,53.54563011695444],[-1.3373606482147025,53.54416169178075],[-1.3337012410914628,53.54133608576471],[-1.330757804927118,53.54035713564892],[-1.3299225054750743,53.538777466143884],[-1.3313942235572467,53.536641574982156],[-1.3298031769819252,53.535173149808465],[-1.3304793717764367,53.5351509009422],[-1.3305987002695858,53.53455018155296],[-1.329644072324393,53.53372697350105],[-1.3298031769819252,53.532258548327356],[-1.3290474298586474,53.53047863902591],[-1.3334625841051646,53.52754178867853],[-1.3366446772558076,53.52660733629527],[-1.3393892325982373,53.52642934536513],[-1.3401052035571321,53.52607336350484],[-1.3418951309543687,53.526629585161544],[-1.3484184219131872,53.52656283856274],[-1.3516800673925964,53.52518340885412],[-1.3516402912282133,53.524115463273255],[-1.3564532071185609,53.52286952676224],[-1.356771416433625,53.522424549436884],[-1.3564532071185609,53.521734834582574],[-1.358760224652777,53.52197957211152],[-1.3554190268446018,53.51988817868233],[-1.3436055060228393,53.51428146438278],[-1.3450374479406288,53.51394773138876],[-1.35028790163919,53.51394773138876],[-1.3599932857486512,53.51296878127297],[-1.3665165767074696,53.514837686039485],[-1.3689031465704518,53.51521591676604],[-1.3825463709538341,53.518998224031606],[-1.3902629468441434,53.52155684365243],[-1.3971839994467923,53.524983169057705],[-1.4068098312274875,53.531479838007975]]]}},{"type":"Feature","id":"E05000979","properties":{"WD13CD":"E05000979","WD13CDO":"00CCGC","WD13NM":"Darton East","WD13NMW":null},"geometry":{"type":"Polygon","coordinates":[[[-1.4838164854730498,53.5948001114068],[-1.4841346947881142,53.59419939201756],[-1.4886294013633976,53.59172976786181],[-1.4893453723222922,53.59057282681587],[-1.489106715335994,53.58812545152639],[-1.487197459445608,53.586924012747915],[-1.4858450698565848,53.58412065559814],[-1.4867599216373948,53.58214050650029],[-1.4872372356099912,53.58214050650029],[-1.4877543257469708,53.581428542779705],[-1.491294404377061,53.580293850600036],[-1.491294404377061,53.579626384612],[-1.4940787358838739,53.57924815388544],[-1.4959084394454936,53.57998236647229],[-1.4966641865687713,53.580805574524206],[-1.4968630673906864,53.5796931312108],[-1.4960675441030258,53.57931490048424],[-1.4969426197194526,53.57542134888734],[-1.4962664249249409,53.57542134888734],[-1.495192468486599,53.57477613176557],[-1.4915330613633593,53.574219910108866],[-1.4907375380756986,53.57332995545814],[-1.4898624624592718,53.57359694185336],[-1.4897829101305056,53.57299622246412],[-1.4904988810894002,53.572617991737566],[-1.4896238054729736,53.57221751214474],[-1.4905784334181664,53.57208401894713],[-1.4928854509523826,53.57310746679546],[-1.495112916157833,53.57359694185336],[-1.4962266487605578,53.57339670205695],[-1.496107320267409,53.572662489470105],[-1.499408741911201,53.57250674740622],[-1.4994485180755839,53.57157229502297],[-1.4986132186235401,53.57094932676746],[-1.4989712041029875,53.56903592426841],[-1.5070059893083614,53.56948090159377],[-1.5103869632809195,53.5699481277854],[-1.5143248035548402,53.571149566563875],[-1.516989806568504,53.5725957428713],[-1.5195752572534014,53.57515436249212],[-1.523314216705407,53.58222950196536],[-1.5258598912259216,53.584632379522304],[-1.5323036298559738,53.589304641438595],[-1.5353663945134677,53.59384341015727],[-1.5321445251984416,53.5937544146922],[-1.5307921356094183,53.59313144643669],[-1.5302352693080556,53.59333168623311],[-1.5310705687600996,53.59379891242474],[-1.5298375076642254,53.59404364995368],[-1.528365789582053,53.5969582514348],[-1.5243881731437492,53.59769246402164],[-1.5187001816369745,53.59969486198576],[-1.5163136117739922,53.59769246402164],[-1.5158760739657788,53.597937201550586],[-1.512892861637051,53.5969582514348],[-1.510864277253516,53.59718074009748],[-1.5103869632809195,53.596847007103456],[-1.509790320815174,53.596980500301065],[-1.5103869632809195,53.59746997535896],[-1.5080401695823202,53.59827093454461],[-1.5072048701302765,53.59769246402164],[-1.501477102459119,53.59987285291591],[-1.4965448580756222,53.59735873102762],[-1.4950731399934498,53.603187933989844],[-1.4915330613633593,53.60272070779822],[-1.4928854509523826,53.59873816073624],[-1.4919705991715728,53.59680250937092],[-1.4893851484866754,53.59617954111541],[-1.4851290988976902,53.5969582514348],[-1.4842540232812633,53.59493360460441],[-1.4838164854730498,53.5948001114068]]]}},{"type":"Feature","id":"E05000980","properties":{"WD13CD":"E05000980","WD13CDO":"00CCGD","WD13NM":"Darton West","WD13NMW":null},"geometry":{"type":"Polygon","coordinates":[[[-1.5576012704035862,53.60590229567455],[-1.5572035087597558,53.605212580820236],[-1.5504813369790222,53.60430037730325],[-1.549168723554382,53.60312118739104],[-1.548134543280423,53.60341042265252],[-1.5473390199927621,53.603187933989844],[-1.5476174531434435,53.6023869748042],[-1.5467026013626337,53.60234247707166],[-1.5463843920475693,53.601185536025724],[-1.5447137931434818,53.59947237332308],[-1.543043194239394,53.59931663125921],[-1.5424465517736485,53.598448925474756],[-1.5414919238284557,53.59873816073624],[-1.541849909307903,53.59827093454461],[-1.5410543860202421,53.59769246402164],[-1.539861101088751,53.59746997535896],[-1.539741772595602,53.59653552297571],[-1.5392246824586224,53.5964687763769],[-1.537912069033982,53.59522283986589],[-1.536639231773725,53.59526733759842],[-1.5369574410887892,53.594822360273064],[-1.5362414701298945,53.59453312501158],[-1.5363210224586605,53.593687668093395],[-1.5353663945134677,53.59384341015727],[-1.5323036298559738,53.589304641438595],[-1.5258598912259216,53.584632379522304],[-1.523314216705407,53.58222950196536],[-1.5195752572534014,53.57515436249212],[-1.516989806568504,53.5725957428713],[-1.5143248035548402,53.571149566563875],[-1.5103869632809195,53.5699481277854],[-1.5070059893083614,53.56948090159377],[-1.4989712041029875,53.56903592426841],[-1.5004429221851598,53.56478639081122],[-1.499329189582435,53.564163422555715],[-1.4998462797194143,53.56251700645188],[-1.498454113966008,53.56207202912652],[-1.4979767999934115,53.56084834148178],[-1.4987325471166892,53.56060360395283],[-1.500602026842692,53.56093733694685],[-1.5016362071166511,53.560403364156414],[-1.5034261345138877,53.56073709715044],[-1.5027499397193762,53.5579114911344],[-1.5042614339659317,53.55804498433201],[-1.5053751665686568,53.557711251337984],[-1.505613823554955,53.55891269011646],[-1.5073639747878087,53.55851221052363],[-1.5094721115001097,53.55744426494277],[-1.5099494254727062,53.55722177628009],[-1.5106653964316008,53.55913517877914],[-1.5103869632809195,53.559869391365986],[-1.5105062917740686,53.56015862662747],[-1.5111029342398141,53.56011412889493],[-1.5106256202672177,53.56020312436],[-1.5106653964316008,53.56060360395283],[-1.516035178623311,53.560314368691344],[-1.5168307019109717,53.559869391365986],[-1.516989806568504,53.55937991630809],[-1.5176660013630157,53.561404563138474],[-1.5173477920479512,53.562694997382025],[-1.5187001816369745,53.56327346790499],[-1.525303024924559,53.56136006540594],[-1.52832601341767,53.56514237267151],[-1.5303943739655879,53.564163422555715],[-1.5313887780751638,53.563940933893036],[-1.531508106568313,53.56420792028825],[-1.5323036298559738,53.56409667595691],[-1.5323036298559738,53.56385193842796],[-1.536917664924406,53.56329571677126],[-1.5362414701298945,53.56262825078322],[-1.5377927405408331,53.56218327345786],[-1.54089528136271,53.56307322810858],[-1.5427647610887127,53.564474906683465],[-1.5444751361571836,53.565075626072705],[-1.5444751361571836,53.56545385679926],[-1.544833121636631,53.56543160793299],[-1.5443955838284174,53.565987829589695],[-1.545151330951695,53.566299313717444],[-1.5443955838284174,53.56683328650788],[-1.5447137931434818,53.56714477063563],[-1.5443558076640342,53.56738950816458],[-1.543918269855821,53.56727826383324],[-1.5440773745133531,53.567589747960994],[-1.5427647610887127,53.56830171168157],[-1.5433216273900754,53.568546449210515],[-1.5424863279380316,53.56885793333827],[-1.5431625227325432,53.570014874384206],[-1.5426454325955636,53.57052659830837],[-1.5434011797188414,53.571149566563875],[-1.5423272232804994,53.57281823153398],[-1.5405372958832626,53.57324095999307],[-1.540736176705178,53.57399742144619],[-1.5412134906777744,53.57377493278351],[-1.5423669994448823,53.57410866577752],[-1.542963641910628,53.57393067484738],[-1.5435205082119905,53.574264407841405],[-1.5434011797188414,53.57395292371365],[-1.5442364791708854,53.5736414395859],[-1.5446740169790987,53.57417541237633],[-1.5456684210886746,53.574442398771545],[-1.545946854239356,53.57404191917872],[-1.5468219298557828,53.574308905573936],[-1.5467423775270166,53.57464263856796],[-1.5484129764311043,53.57497637156198],[-1.5500835753351918,53.57462038970169],[-1.5523905928694082,53.57510986475959],[-1.5529872353351537,53.57575508188136],[-1.553265668485835,53.575354602288535],[-1.5535838778008992,53.57568833528256],[-1.554260072595411,53.57551034435241],[-1.5548964912255396,53.5759330728115],[-1.5567261947871593,53.575265606823464],[-1.5562886569789458,53.57502086929451],[-1.5567261947871593,53.57464263856796],[-1.5587150030063113,53.57508761589332],[-1.5568852994446916,53.57653379220074],[-1.5557317906775834,53.578202457170846],[-1.5566068662940102,53.57871418109501],[-1.5587150030063113,53.58209600876775],[-1.559510526293972,53.582629981558185],[-1.5619766484857203,53.58329744754622],[-1.5632892619103607,53.584498886324695],[-1.5742674832800791,53.58685726614911],[-1.5754209920471873,53.589482632368735],[-1.5767733816362106,53.59063957341468],[-1.5762165153348482,53.59157402579793],[-1.573949273965015,53.59226374065224],[-1.574983454238974,53.594377382947705],[-1.5756994251978687,53.594822360273064],[-1.5754209920471873,53.59829318341088],[-1.572875317526673,53.598715911869974],[-1.5713240471157344,53.59940562672428],[-1.569931881362328,53.602186735007784],[-1.566670235882919,53.604878847826214],[-1.5644029945130857,53.606124784337226],[-1.561737991499422,53.6068367480578],[-1.5607038112254632,53.60645851733125],[-1.559550302458355,53.60661425939512],[-1.5576012704035862,53.60590229567455]]]}},{"type":"Feature","id":"E05000981","properties":{"WD13CD":"E05000981","WD13CDO":"00CCGE","WD13NM":"Dearne North","WD13NMW":null},"geometry":{"type":"Polygon","coordinates":[[[-1.2860096199961997,53.52691882042303],[-1.2910611928728457,53.52983342190414],[-1.2938455243796585,53.530879118618735],[-1.304943074242526,53.53232529492616],[-1.310034423283555,53.533304245041954],[-1.3117050221876427,53.53468367475057],[-1.3116254698588765,53.536174348790524],[-1.3148473391739026,53.53557362940129],[-1.3150064438314348,53.53575162033143],[-1.3156030862971804,53.535640376000096],[-1.3177907753382474,53.53684181477857],[-1.3222854819135308,53.53717554777259],[-1.325427798899791,53.535907362395314],[-1.3298031769819252,53.535173149808465],[-1.3313942235572467,53.536641574982156],[-1.3299225054750743,53.538777466143884],[-1.330757804927118,53.54035713564892],[-1.330638476433969,53.54189230742141],[-1.327575711776475,53.543538723525245],[-1.3280530257490715,53.545274135094154],[-1.3292065345161794,53.54658681820397],[-1.3341785550640592,53.54772151038364],[-1.3368037819133398,53.55036912546953],[-1.3360878109544452,53.55105884032384],[-1.3360082586256792,53.552416021166195],[-1.331791985201077,53.555330622647304],[-1.3309566857490331,53.55650981255951],[-1.3313942235572467,53.558578957122435],[-1.3303202671189047,53.55889044125019],[-1.3300816101326065,53.55942441404062],[-1.3307975810915011,53.559402165174355],[-1.3313942235572467,53.56218327345786],[-1.3318317613654602,53.56216102459159],[-1.3320704183517584,53.56280624171336],[-1.330757804927118,53.561560305202356],[-1.3289281013654983,53.56080384374924],[-1.327734816434007,53.559869391365986],[-1.3267006361600482,53.558623454854974],[-1.3267006361600482,53.55808948206454],[-1.3226434673929783,53.557355269477696],[-1.3215695109546362,53.557933740000664],[-1.32017734520123,53.55815622866334],[-1.3174725660231832,53.557622255872914],[-1.315125772324584,53.55615383069922],[-1.3041873271192483,53.5547744009906],[-1.3016018764343509,53.5531724826193],[-1.2973856030097488,53.55130357785279],[-1.2936864197221263,53.54694280006426],[-1.2885155183523311,53.54373896332166],[-1.2877995473934365,53.54104685050323],[-1.289350817804375,53.54069086864294],[-1.2870040241057756,53.537687271696754],[-1.2938455243796585,53.535818366930236],[-1.2895496986262902,53.534038457628796],[-1.2877995473934365,53.53214730399601],[-1.2864471578044132,53.53292601431539],[-1.285293649037305,53.53281476998406],[-1.2845776780784104,53.532347543792426],[-1.2849754397222408,53.53141309140917],[-1.2837821547907495,53.53052313675845],[-1.2823899890373434,53.53063438108979],[-1.2813160325990012,53.5314575891417],[-1.2803216284894252,53.53141309140917],[-1.2797647621880628,53.53112385614768],[-1.279884090681212,53.530879118618735],[-1.2761849073935894,53.5303451458283],[-1.275787145749759,53.52976667530533],[-1.275906474242908,53.52807576146896],[-1.2814353610921505,53.52894346725341],[-1.283105959996238,53.52723030455078],[-1.285293649037305,53.52783102394002],[-1.2860096199961997,53.52691882042303]]]}},{"type":"Feature","id":"E05000982","properties":{"WD13CD":"E05000982","WD13CDO":"00CCGF","WD13NM":"Dearne South","WD13NMW":null},"geometry":{"type":"Polygon","coordinates":[[[-1.2860096199961997,53.52691882042303],[-1.286128948489349,53.52669633176034],[-1.2792874482154664,53.5226247892333],[-1.2765428928730367,53.52057789353663],[-1.2785714772565715,53.519309708159355],[-1.2811967041058523,53.51655084874212],[-1.2827877506811736,53.51650635100958],[-1.2831855123250042,53.5156608940914],[-1.286327829311264,53.514548450778],[-1.2887939515030125,53.515749889556474],[-1.2937261958865092,53.5151714190335],[-1.295357018626214,53.51528266336484],[-1.296550303557705,53.514971179237094],[-1.2993744112289007,53.51512692130097],[-1.303749789311035,53.51381423819115],[-1.3076876295849558,53.513791989324886],[-1.3103526325986192,53.512768541476554],[-1.3113868128725783,53.51283528807536],[-1.3115061413657274,53.51372524272608],[-1.3125800978040694,53.51372524272608],[-1.3152848769821162,53.51283528807536],[-1.3184271939683763,53.51303552787177],[-1.3198989120505487,53.51383648705742],[-1.3206944353382093,53.51390323365622],[-1.322524138899829,53.513102274470576],[-1.324552723283364,53.513102274470576],[-1.3260244413655364,53.51234581301746],[-1.3303202671189047,53.51463744624307],[-1.3345763167078897,53.514370459847854],[-1.341179159995474,53.51477093944068],[-1.3436055060228393,53.51428146438278],[-1.3554190268446018,53.51988817868233],[-1.358760224652777,53.52197957211152],[-1.3564532071185609,53.521734834582574],[-1.356771416433625,53.522424549436884],[-1.3564532071185609,53.52286952676224],[-1.3516402912282133,53.524115463273255],[-1.3516800673925964,53.52518340885412],[-1.3484184219131872,53.52656283856274],[-1.3418951309543687,53.526629585161544],[-1.3401052035571321,53.52607336350484],[-1.3393892325982373,53.52642934536513],[-1.3366446772558076,53.52660733629527],[-1.3334625841051646,53.52754178867853],[-1.3290474298586474,53.53047863902591],[-1.3298031769819252,53.532258548327356],[-1.329644072324393,53.53372697350105],[-1.3305987002695858,53.53455018155296],[-1.3304793717764367,53.5351509009422],[-1.3298031769819252,53.535173149808465],[-1.325427798899791,53.535907362395314],[-1.3222854819135308,53.53717554777259],[-1.3177907753382474,53.53684181477857],[-1.3156030862971804,53.535640376000096],[-1.3150064438314348,53.53575162033143],[-1.3148473391739026,53.53557362940129],[-1.3116254698588765,53.536174348790524],[-1.3117050221876427,53.53468367475057],[-1.310034423283555,53.533304245041954],[-1.304943074242526,53.53232529492616],[-1.2938455243796585,53.530879118618735],[-1.2910611928728457,53.52983342190414],[-1.2860096199961997,53.52691882042303]]]}},{"type":"Feature","id":"E05000983","properties":{"WD13CD":"E05000983","WD13CDO":"00CCGG","WD13NM":"Dodworth","WD13NMW":null},"geometry":{"type":"Polygon","coordinates":[[[-1.497499486020815,53.55343946901452],[-1.4975790383495813,53.55210453703844],[-1.4988120994454555,53.55096984485877],[-1.5011986693084376,53.55063611186475],[-1.501317997801587,53.5498351526791],[-1.5029488205412913,53.54950141968508],[-1.501317997801587,53.548388976371676],[-1.4995678465687332,53.54623083634368],[-1.5005622506783092,53.54563011695444],[-1.4978574715002624,53.543916954251806],[-1.5028294920481422,53.542448529078115],[-1.5052956142398906,53.540757615241745],[-1.5062900183494665,53.53940043439939],[-1.5074833032809578,53.53882196387642],[-1.504698971774145,53.53568487373263],[-1.4992496372536688,53.53185806873453],[-1.499607622733116,53.53168007780438],[-1.498454113966008,53.52992241736921],[-1.501317997801587,53.530968114083805],[-1.5028294920481422,53.531880317600795],[-1.5031079251988235,53.532436539257496],[-1.503505686842654,53.532481036990035],[-1.503505686842654,53.53203605966467],[-1.504539867116613,53.5325032858563],[-1.5050967334179755,53.53223629946108],[-1.5050967334179755,53.532659027920175],[-1.505613823554955,53.53232529492616],[-1.505733152048104,53.53283701885032],[-1.5061706898563174,53.53292601431539],[-1.5061706898563174,53.532659027920175],[-1.506608227664531,53.53281476998406],[-1.5070457654727443,53.532481036990035],[-1.5073241986234256,53.53274802338525],[-1.5075628556097238,53.532481036990035],[-1.5085970358836829,53.532703525652714],[-1.5093130068425775,53.532347543792426],[-1.5096709923220248,53.53263677905391],[-1.510864277253516,53.53208055739721],[-1.5118586813630919,53.53241429039123],[-1.5146430128699047,53.53150208687424],[-1.5163931641027584,53.53185806873453],[-1.5195752572534014,53.531101607281414],[-1.521206079993106,53.53123510047902],[-1.5216436178013195,53.530968114083805],[-1.5230755597191088,53.53125734934529],[-1.523194888212258,53.530968114083805],[-1.5238313068423865,53.53127959821156],[-1.5249848156094947,53.53121285161276],[-1.525422353417708,53.531702326670654],[-1.5275702662943922,53.53150208687424],[-1.5288828797190324,53.53105710954888],[-1.5312694495820147,53.531702326670654],[-1.5338946764312953,53.53121285161276],[-1.53461064739019,53.53132409594409],[-1.5350481851984035,53.531012611816344],[-1.5359630369792132,53.53121285161276],[-1.5402986388969644,53.53054538562471],[-1.5411339383490081,53.53072337655486],[-1.5420885662942012,53.530100408299354],[-1.5434011797188414,53.53014490603189],[-1.5444751361571836,53.53054538562471],[-1.5446740169790987,53.53036739469457],[-1.5453502117736102,53.53072337655486],[-1.550242679992724,53.531791322135724],[-1.5505211131434053,53.532258548327356],[-1.5496460375269785,53.5329927609142],[-1.5494471567050634,53.53419419969267],[-1.5509188747872358,53.53639683745321],[-1.5512370841023,53.5379320092257],[-1.5504017846502562,53.53888871047523],[-1.5486516334174025,53.53986766059102],[-1.5484527525954874,53.547565768319764],[-1.5499642468420427,53.54772151038364],[-1.5496460375269785,53.54867821163316],[-1.5504813369790222,53.549256682156134],[-1.5494869328694463,53.550324627737],[-1.550163127663958,53.55128132898652],[-1.550163127663958,53.55257176323007],[-1.5519928312255777,53.553038989421694],[-1.5537032062940483,53.554284925932706],[-1.5552147005406038,53.5547076543918],[-1.5548964912255396,53.55513038285089],[-1.5555726860200512,53.555197129449695],[-1.5541407441022619,53.556576559158316],[-1.554339624924177,53.5579782377332],[-1.54403759834897,53.56033661755761],[-1.5444751361571836,53.56084834148178],[-1.5423272232804994,53.561093079010725],[-1.5410146098558593,53.56158255406862],[-1.54089528136271,53.56307322810858],[-1.5377927405408331,53.56218327345786],[-1.5362414701298945,53.56262825078322],[-1.536917664924406,53.56329571677126],[-1.5323036298559738,53.56385193842796],[-1.5323036298559738,53.56409667595691],[-1.531508106568313,53.56420792028825],[-1.5313887780751638,53.563940933893036],[-1.5303943739655879,53.564163422555715],[-1.52832601341767,53.56514237267151],[-1.525303024924559,53.56136006540594],[-1.5187001816369745,53.56327346790499],[-1.5173477920479512,53.562694997382025],[-1.5176660013630157,53.561404563138474],[-1.516989806568504,53.55937991630809],[-1.5168307019109717,53.559869391365986],[-1.516035178623311,53.560314368691344],[-1.5106653964316008,53.56060360395283],[-1.5106256202672177,53.56020312436],[-1.5111029342398141,53.56011412889493],[-1.5105062917740686,53.56015862662747],[-1.5103869632809195,53.559869391365986],[-1.5106653964316008,53.55913517877914],[-1.5099494254727062,53.55722177628009],[-1.5094721115001097,53.55744426494277],[-1.507881064924788,53.55508588511836],[-1.5075628556097238,53.55326147808438],[-1.5043012101303146,53.55370645540974],[-1.497499486020815,53.55343946901452]]]}},{"type":"Feature","id":"E05000984","properties":{"WD13CD":"E05000984","WD13CDO":"00CCGH","WD13NM":"Hoyland Milton","WD13NMW":null},"geometry":{"type":"Polygon","coordinates":[[[-1.449807864925552,53.5199771741474],[-1.4458700246516312,53.52184607891391],[-1.4410571087612836,53.52133435498975],[-1.4386307627339183,53.51910946836294],[-1.4360850882134037,53.514014477987565],[-1.4346133701312314,53.512635048278945],[-1.4346929224599974,53.51136686290167],[-1.432067695610717,53.51087738784377],[-1.4263797041039423,53.51009867752439],[-1.4210894742409983,53.51034341505334],[-1.4169925293095453,53.5112778674366],[-1.41142386629592,53.51368074499354],[-1.4049403515014847,53.51170059589569],[-1.389626528214015,53.50938671380381],[-1.396985118624877,53.505693402003324],[-1.3964282523235145,53.50520392694543],[-1.4056165462959964,53.5048034473526],[-1.4054972178028473,53.50429172342844],[-1.4070882643781688,53.50400248816695],[-1.4075655783507652,53.50344626651025],[-1.408520206295958,53.503268275580105],[-1.4119409564328995,53.49924123078559],[-1.4095941627343003,53.49844027159994],[-1.4107078953370253,53.49688285096118],[-1.411622747117835,53.49621538497314],[-1.4162765583506507,53.49452447113677],[-1.416714096158864,53.49356776988724],[-1.4155605873917558,53.49327853462576],[-1.4150037210903934,53.492477575440105],[-1.4169129769807793,53.492210589044895],[-1.4190608898574633,53.49109814573149],[-1.419737084651975,53.49120939006283],[-1.4198961893095072,53.489829960354214],[-1.4220043260218083,53.489829960354214],[-1.422720296980703,53.49025268881331],[-1.424032910405343,53.489696467156605],[-1.4254250761587495,53.488695268174546],[-1.426021718624495,53.48738258506473],[-1.427851422186115,53.485847413292234],[-1.4328632188983776,53.487916557855165],[-1.4355679980764242,53.48845053064559],[-1.4409377802681345,53.49112039459776],[-1.4397842715010263,53.49205484698101],[-1.4378750156106406,53.49525868372361],[-1.4375965824599592,53.49686060209491],[-1.4388694197202165,53.496682611164765],[-1.4418128558845613,53.49743907261788],[-1.4423697221859237,53.500887646889424],[-1.4463871147886107,53.5052929224105],[-1.4470633095831225,53.50522617581169],[-1.4481372660214644,53.50956470473396],[-1.4519955539666192,53.509631451332766],[-1.4519160016378532,53.511544853831815],[-1.4557742895830077,53.51214557322105],[-1.4568482460213499,53.51290203467416],[-1.4555356325967095,53.513413758598325],[-1.4534672720487916,53.51494893037082],[-1.4515977923227887,53.51701807493375],[-1.449807864925552,53.5199771741474]]]}},{"type":"Feature","id":"E05000985","properties":{"WD13CD":"E05000985","WD13CDO":"00CCGJ","WD13NM":"Kingstone","WD13NMW":null},"geometry":{"type":"Polygon","coordinates":[[[-1.4992496372536688,53.53185806873453],[-1.504698971774145,53.53568487373263],[-1.5074833032809578,53.53882196387642],[-1.5062900183494665,53.53940043439939],[-1.5052956142398906,53.540757615241745],[-1.5028294920481422,53.542448529078115],[-1.4978574715002624,53.543916954251806],[-1.5005622506783092,53.54563011695444],[-1.4995678465687332,53.54623083634368],[-1.501317997801587,53.548388976371676],[-1.5029488205412913,53.54950141968508],[-1.501317997801587,53.5498351526791],[-1.5011986693084376,53.55063611186475],[-1.4988120994454555,53.55096984485877],[-1.4975790383495813,53.55210453703844],[-1.497499486020815,53.55343946901452],[-1.4948742591715345,53.55377320200854],[-1.4927661224592335,53.55444066799658],[-1.491095523555146,53.555419618112374],[-1.4896238054729736,53.55682129668726],[-1.4882316397195672,53.55584234657147],[-1.4867599216373948,53.55399569067122],[-1.4887487298565467,53.55339497128198],[-1.487197459445608,53.55201554157337],[-1.4861632791716493,53.55165955971308],[-1.4854473082127544,53.55092534712623],[-1.4858450698565848,53.55072510732982],[-1.4845722325963275,53.549345677621204],[-1.4785262556101058,53.54676480913411],[-1.4782478224594244,53.54449542477477],[-1.4749464008156323,53.545007148698936],[-1.4730769210896295,53.54456217137358],[-1.4721620693088195,53.54360547012405],[-1.4716847553362231,53.54195905402022],[-1.472480278623884,53.541714316491266],[-1.472599607117033,53.54055737544533],[-1.4738724443772901,53.54040163338146],[-1.4740713251992055,53.539066701405375],[-1.4751055054731645,53.53908895027164],[-1.47570214793891,53.53866622181255],[-1.475662371774527,53.53828799108599],[-1.477690956158062,53.538777466143884],[-1.4774125230073807,53.539289190068054],[-1.4785262556101058,53.539845411724755],[-1.4795604358840648,53.53980091399222],[-1.480793496979939,53.53891095934149],[-1.4831402906785383,53.539845411724755],[-1.4839358139661991,53.53804325355704],[-1.4855268605415206,53.539066701405375],[-1.487197459445608,53.53962292306207],[-1.488907834514079,53.539845411724755],[-1.4910159712263797,53.53920019460298],[-1.4916126136921255,53.540156895852505],[-1.4928456747879997,53.539711918527146],[-1.495311796979748,53.538021004690776],[-1.496345977253707,53.53648583291828],[-1.496107320267409,53.53579611806397],[-1.498295009308476,53.53359348030344],[-1.4976585906783473,53.53310400524554],[-1.4992496372536688,53.53185806873453]]]}},{"type":"Feature","id":"E05000986","properties":{"WD13CD":"E05000986","WD13CDO":"00CCGK","WD13NM":"Monk Bretton","WD13NMW":null},"geometry":{"type":"Polygon","coordinates":[[[-1.454899213966581,53.58703525707925],[-1.4535070482131747,53.588570428851746],[-1.4517171208159378,53.587925211729974],[-1.4494498794461048,53.58659027975389],[-1.4480974898570813,53.58707975481179],[-1.4483759230077626,53.58750248327088],[-1.4430061408160524,53.59068407114721],[-1.4387898673914503,53.59146278146659],[-1.4389887482133656,53.59284221117521],[-1.4324654572545472,53.59348742829698],[-1.4319881432819508,53.59244173158238],[-1.431033515336758,53.592686469111335],[-1.431113067665524,53.5905505779496],[-1.4292833641039042,53.585233098911544],[-1.4294026925970533,53.58085007225674],[-1.4315506054737375,53.58044959266392],[-1.4349713556106787,53.57742374685146],[-1.4357271027339564,53.57602206827658],[-1.438431881912003,53.57640029900313],[-1.4413753180763478,53.57446464763781],[-1.4422503936927749,53.57324095999307],[-1.4426879315009882,53.57070458923852],[-1.4460291293091634,53.568457453745445],[-1.446745100268058,53.56734501043204],[-1.4418526320489444,53.56881343560573],[-1.440341137802389,53.5682794628153],[-1.4398638238297925,53.56872444014066],[-1.439346733692813,53.56861319580932],[-1.4396649430078772,53.56732276156578],[-1.4401820331448567,53.56683328650788],[-1.438352329583237,53.56596558072342],[-1.4346133701312314,53.567300512699504],[-1.4336587421860385,53.56816821848396],[-1.4334598613641232,53.565476105665525],[-1.4318688147888017,53.567167019501895],[-1.4308744106792257,53.56627706485118],[-1.4278116460217318,53.56601007845596],[-1.425942166295729,53.5661213227873],[-1.4226805208163198,53.56701127743802],[-1.4212485788985305,53.566900033106684],[-1.4206121602684019,53.56714477063563],[-1.4133728983506888,53.56282849057963],[-1.4050994561590169,53.559869391365986],[-1.4050994561590169,53.55946891177316],[-1.4058154271179115,53.55960240497077],[-1.406412069583657,53.559313169709284],[-1.4069689358850197,53.5595801561045],[-1.4078042353370634,53.559179676511675],[-1.4076451306795312,53.55784474453559],[-1.4087986394466394,53.5574220160765],[-1.4089975202685547,53.556710052355925],[-1.4105487906794931,53.55573110224013],[-1.4119011802685164,53.55564210677505],[-1.415441258898607,53.555886844304005],[-1.4158390205424372,53.55544186697865],[-1.4174698432821418,53.555575360176256],[-1.4184642473917177,53.55530837378104],[-1.4192199945149955,53.55624282616429],[-1.4203337271177205,53.55595359090281],[-1.4211292504053814,53.55624282616429],[-1.4224418638300216,53.556109332966685],[-1.4244704482135566,53.55490789418821],[-1.4261808232820272,53.55452966346166],[-1.42805030300803,53.55493014305448],[-1.4298800065696498,53.5542181793339],[-1.4337382945148045,53.55357296221213],[-1.4356873265695733,53.55210453703844],[-1.438471658076386,53.551503817649206],[-1.4410968849256667,53.55152606651547],[-1.4482168183502304,53.55379545087481],[-1.449728312596786,53.554507414595385],[-1.4480974898570813,53.556064835234146],[-1.4506033882132128,53.556665554623386],[-1.4523137632816834,53.557800246803055],[-1.4535070482131747,53.55933541857555],[-1.454899213966581,53.56020312436],[-1.455058318624113,53.5606925994179],[-1.4546207808158997,53.56107083014446],[-1.4564107082131363,53.56202753139398],[-1.4570073506788819,53.563384712236335],[-1.4593541443774813,53.56514237267151],[-1.4597519060213116,53.56558734999687],[-1.4593143682130982,53.56583208752582],[-1.4600303391719929,53.56643280691505],[-1.4610247432815688,53.56634381144998],[-1.4616611619116975,53.56687778424041],[-1.4623771328705921,53.5666107978452],[-1.4665138539664282,53.57108281996507],[-1.4630135515007208,53.5720395212146],[-1.4619793712267617,53.57268473833637],[-1.4607463101308875,53.57141655295909],[-1.4593541443774813,53.57139430409283],[-1.4593541443774813,53.57195052574953],[-1.4584392925966714,53.5721062678134],[-1.4581210832816072,53.57168353935431],[-1.4561322750624552,53.57212851667967],[-1.4553367517747944,53.57132755749402],[-1.4533479435556425,53.57221751214474],[-1.4535866005419407,53.57319646226053],[-1.4498874172543181,53.57341895092321],[-1.4505238358844468,53.577045516124905],[-1.4495692079392537,53.57833595036845],[-1.4537457051994729,53.580115859669895],[-1.4555356325967095,53.5812283029833],[-1.4544616761583675,53.58254098609311],[-1.452751301089897,53.58356443394144],[-1.4532286150624933,53.58387591806919],[-1.4538252575282389,53.583675678272776],[-1.453904809857005,53.58409840673187],[-1.4547003331446657,53.58434314426082],[-1.4543423476652184,53.585878316033316],[-1.4552571994460282,53.5866570263527],[-1.454899213966581,53.58703525707925]]]}},{"type":"Feature","id":"E05000987","properties":{"WD13CD":"E05000987","WD13CDO":"00CCGL","WD13NM":"North East","WD13NMW":null},"geometry":{"type":"Polygon","coordinates":[[[-1.431033515336758,53.592686469111335],[-1.4319881432819508,53.59244173158238],[-1.4324654572545472,53.59348742829698],[-1.432067695610717,53.593732165825934],[-1.4324654572545472,53.5943106363489],[-1.432147247939483,53.59511159553455],[-1.4328632188983776,53.59658002070824],[-1.4307550821860766,53.598626916404896],[-1.430039111227182,53.60131902922333],[-1.4280900791724132,53.603276929454914],[-1.4263797041039423,53.6034994181176],[-1.42490798602177,53.604433870500856],[-1.4232373871176824,53.6034994181176],[-1.4215667882135947,53.60321018285612],[-1.418782456706782,53.60329917832119],[-1.4189415613643142,53.603744155646545],[-1.4175891717752909,53.60325468058865],[-1.4151628257479256,53.603187933989844],[-1.4128160320493264,53.60129678035706],[-1.407207592871318,53.60138577582214],[-1.4068496073918706,53.601052042828115],[-1.4059745317754437,53.60107429169438],[-1.405298336980932,53.60042907457261],[-1.4018775868439908,53.600228834776196],[-1.4014400490357772,53.59940562672428],[-1.400206987939903,53.59864916527117],[-1.39611004300845,53.599806106317104],[-1.3956725052002368,53.600362327973805],[-1.3942405632824473,53.60062931436902],[-1.3927688452002749,53.6014080246884],[-1.3839385367072405,53.603788653379084],[-1.381591743008641,53.60541282061665],[-1.3789267399949776,53.60661425939512],[-1.3767788271182935,53.606480766197514],[-1.3759037515018666,53.60594679340708],[-1.3694202367074313,53.60416688410564],[-1.3684258325978553,53.60345492038506],[-1.36599948657049,53.60285420099582],[-1.363811797529423,53.60169725994989],[-1.3602319427349494,53.59860466753863],[-1.3599137334198852,53.59678026050465],[-1.3561747739678796,53.5953563330635],[-1.3546632797213243,53.59201900312329],[-1.3564134309541778,53.58914889937471],[-1.354583727392558,53.586189800161065],[-1.3538677564336634,53.58338644301129],[-1.351401634241915,53.58107256091942],[-1.3486173027351023,53.58331969641249],[-1.3476626747899094,53.583252949813684],[-1.3472251369816959,53.58231849743043],[-1.3474637939679943,53.57971538007707],[-1.3464296136940352,53.57953738914693],[-1.3449181194474797,53.57815795943831],[-1.3447590147899475,53.577779728711754],[-1.3456340904063744,53.576912022927296],[-1.3447987909543306,53.57640029900313],[-1.3383948284886613,53.568768937873195],[-1.3373606482147025,53.56810147188516],[-1.3372015435571702,53.567300512699504],[-1.3351331830092523,53.56527586586912],[-1.3325875084887377,53.563607200899014],[-1.3320704183517584,53.56280624171336],[-1.3318317613654602,53.56216102459159],[-1.3313942235572467,53.56218327345786],[-1.3307975810915011,53.559402165174355],[-1.3300816101326065,53.55942441404062],[-1.3303202671189047,53.55889044125019],[-1.3313942235572467,53.558578957122435],[-1.3309566857490331,53.55650981255951],[-1.331791985201077,53.555330622647304],[-1.3360082586256792,53.552416021166195],[-1.3360878109544452,53.55105884032384],[-1.3368037819133398,53.55036912546953],[-1.3341785550640592,53.54772151038364],[-1.3292065345161794,53.54658681820397],[-1.3280530257490715,53.545274135094154],[-1.327575711776475,53.543538723525245],[-1.330638476433969,53.54189230742141],[-1.330757804927118,53.54035713564892],[-1.3337012410914628,53.54133608576471],[-1.3373606482147025,53.54416169178075],[-1.3409007268447928,53.54563011695444],[-1.3466682706803335,53.54296025300228],[-1.3479808841049736,53.5432939859963],[-1.3510834249268506,53.54494040210013],[-1.3529529046528534,53.547654763784834],[-1.3556179076665171,53.5497684060803],[-1.356771416433625,53.55210453703844],[-1.3605103758856307,53.5542181793339],[-1.362896945748613,53.556932541018604],[-1.3654823964335105,53.557933740000664],[-1.3681473994471742,53.55998063569732],[-1.367948518625259,53.561782793865035],[-1.3686247134197707,53.563340214503796],[-1.3694600128718144,53.562606001916954],[-1.3728409868443727,53.56147130973728],[-1.3734376293101183,53.56062585281909],[-1.3765003939676124,53.55946891177316],[-1.3838589843784743,53.56204978026025],[-1.386563763556521,53.56572084319448],[-1.3857682402688603,53.568679942408124],[-1.3865239873921378,53.56888018220454],[-1.3874388391729477,53.570192865314354],[-1.3888310049263541,53.57112731769761],[-1.3889901095838864,53.5736414395859],[-1.3930472783509562,53.57424215897513],[-1.4014002728713943,53.57346344865575],[-1.4025537816385025,53.57442014990528],[-1.4034288572549292,53.57559933981749],[-1.4044630375288882,53.579337149350515],[-1.4037868427343767,53.58265223042445],[-1.404184604378207,53.58603405809719],[-1.407287145200084,53.58932689030486],[-1.408241773145277,53.58912665050845],[-1.4085997586247243,53.589527130101274],[-1.4119011802685164,53.58946038350247],[-1.4148446164328612,53.59023909382185],[-1.4159583490355863,53.5905505779496],[-1.4180664857478873,53.592219242919704],[-1.4194586515012937,53.59244173158238],[-1.4211292504053814,53.59330943736684],[-1.4234362679395975,53.593687668093395],[-1.4257830616381968,53.59362092149459],[-1.4273343320491354,53.59313144643669],[-1.4291640356107551,53.59324269076804],[-1.431033515336758,53.592686469111335]]]}},{"type":"Feature","id":"E05000988","properties":{"WD13CD":"E05000988","WD13CDO":"00CCGM","WD13NM":"Old Town","WD13NMW":null},"geometry":{"type":"Polygon","coordinates":[[[-1.4896238054729736,53.57221751214474],[-1.4842540232812633,53.5683462094141],[-1.481907229582664,53.567767738891135],[-1.4800377498566613,53.5677899877574],[-1.4796002120484477,53.56734501043204],[-1.478685360267638,53.5672337661007],[-1.4784467032813398,53.56747850362965],[-1.4791228980758513,53.56830171168157],[-1.4801968545141935,53.56885793333827],[-1.4806343923224068,53.57039310511076],[-1.4790433457470853,53.57074908697105],[-1.478725136432021,53.571928276883256],[-1.4777307323224451,53.57237325420862],[-1.4750259531443983,53.5698813811866],[-1.4729973687608635,53.570281860779424],[-1.4727587117745653,53.569458652727505],[-1.4700141564321356,53.569925878919136],[-1.4665138539664282,53.57108281996507],[-1.4623771328705921,53.5666107978452],[-1.4671502725965568,53.56322897017245],[-1.4679060197198346,53.56327346790499],[-1.4697754994458374,53.562472508719345],[-1.470650575062264,53.56271724624829],[-1.4729178164320973,53.55989164023225],[-1.4743497583498868,53.55906843218033],[-1.47975931670598,53.55760000700664],[-1.4825038720484096,53.55897943671526],[-1.4857257413634357,53.55913517877914],[-1.487913430404503,53.558400966192295],[-1.4896238054729736,53.55682129668726],[-1.491095523555146,53.555419618112374],[-1.4927661224592335,53.55444066799658],[-1.4948742591715345,53.55377320200854],[-1.497499486020815,53.55343946901452],[-1.5043012101303146,53.55370645540974],[-1.5075628556097238,53.55326147808438],[-1.507881064924788,53.55508588511836],[-1.5094721115001097,53.55744426494277],[-1.5073639747878087,53.55851221052363],[-1.505613823554955,53.55891269011646],[-1.5053751665686568,53.557711251337984],[-1.5042614339659317,53.55804498433201],[-1.5027499397193762,53.5579114911344],[-1.5034261345138877,53.56073709715044],[-1.5016362071166511,53.560403364156414],[-1.500602026842692,53.56093733694685],[-1.4987325471166892,53.56060360395283],[-1.4979767999934115,53.56084834148178],[-1.498454113966008,53.56207202912652],[-1.4998462797194143,53.56251700645188],[-1.499329189582435,53.564163422555715],[-1.5004429221851598,53.56478639081122],[-1.4989712041029875,53.56903592426841],[-1.4986132186235401,53.57094932676746],[-1.4994485180755839,53.57157229502297],[-1.499408741911201,53.57250674740622],[-1.496107320267409,53.572662489470105],[-1.4962266487605578,53.57339670205695],[-1.495112916157833,53.57359694185336],[-1.4928854509523826,53.57310746679546],[-1.4905784334181664,53.57208401894713],[-1.4896238054729736,53.57221751214474]]]}},{"type":"Feature","id":"E05000989","properties":{"WD13CD":"E05000989","WD13CDO":"00CCGN","WD13NM":"Penistone East","WD13NMW":null},"geometry":{"type":"Polygon","coordinates":[[[-1.4845722325963275,53.51971018775218],[-1.4863223838291812,53.51864224217132],[-1.4873167879387572,53.5173295590615],[-1.4889476106784618,53.51706257266628],[-1.4908170904044646,53.51261279941268],[-1.490220447938719,53.5096759490653],[-1.489066939171611,53.50809627956027],[-1.484969994240158,53.50446971435858],[-1.4812310347881523,53.50026467863392],[-1.474469086843036,53.4956146655839],[-1.4718836361581382,53.493389778957095],[-1.469576618623922,53.49025268881331],[-1.467388929582855,53.48520219617046],[-1.4657183306787673,53.48237659015442],[-1.455973170404923,53.47185287640964],[-1.4564504843775194,53.471919623008446],[-1.460229219993908,53.47572417914028],[-1.4615418334185484,53.476213654198176],[-1.463371536980168,53.47777107483694],[-1.465161464377405,53.4782827987611],[-1.4668718394458755,53.478082558964694],[-1.4740713251992055,53.479128255679285],[-1.4779693893087433,53.48008495692881],[-1.4796399882128308,53.480930413847],[-1.4845722325963275,53.48477946771137],[-1.489066939171611,53.4864258838152],[-1.4924876893085521,53.486626123611615],[-1.4946753783496194,53.486314639483865],[-1.495311796979748,53.48513544957166],[-1.494476497527704,53.4809971604458],[-1.5064491230069987,53.470139713707],[-1.5076424079384898,53.46824856007422],[-1.5073639747878087,53.466602143970384],[-1.5116995767055599,53.4657566870522],[-1.5148021175274369,53.463665293623],[-1.514921446020586,53.46179638885649],[-1.5163533879383753,53.46059495007802],[-1.515040774513735,53.459615999962224],[-1.5173875682123343,53.45834781458495],[-1.5166715972534397,53.457925086125854],[-1.518143315335612,53.457235371271544],[-1.5148021175274369,53.453809045866265],[-1.5131315186233492,53.45145066604185],[-1.5184217484862934,53.44933702374639],[-1.5188195101301236,53.44764610991002],[-1.5205696613629773,53.44577720514351],[-1.5207685421848924,53.44450901976623],[-1.523314216705407,53.44308509232507],[-1.5238313068423865,53.441327431889896],[-1.5246666062944303,53.44048197497171],[-1.525501905746474,53.440281735175304],[-1.5264565336916671,53.43901354979802],[-1.5278486994450735,53.43852407474012],[-1.5318660920477603,53.43865756793773],[-1.5318660920477603,53.43827933721118],[-1.5329002723217193,53.438323834943716],[-1.5340140049244444,53.438635319071466],[-1.5350879613627864,53.43994800218128],[-1.5373949788970025,53.440837956832],[-1.5407759528695608,53.44097145002961],[-1.5458673019105897,53.44172791148272],[-1.5482936479379552,53.44490949935905],[-1.5511177556091509,53.44608868927126],[-1.5512370841023,53.44655591546289],[-1.5504017846502562,53.44757936331121],[-1.5473390199927621,53.44987099653682],[-1.5487311857461685,53.45118367964664],[-1.5525099213625573,53.45278559801793],[-1.5525496975269402,53.45345306400598],[-1.5513961887598322,53.45543321310383],[-1.5404179673901135,53.456100679091875],[-1.5405372958832626,53.45699063374259],[-1.5393042347873884,53.45776934406197],[-1.5401793104038153,53.46106217626964],[-1.539900877253134,53.46155165132754],[-1.5391053539654733,53.46168514452515],[-1.5394235632805375,53.4624861037108],[-1.541849909307903,53.46433275961105],[-1.5441967030065022,53.467759085016326],[-1.5443955838284174,53.46882703059719],[-1.5455093164311424,53.46991722504432],[-1.548134543280423,53.471318903619206],[-1.5445149123215665,53.472186609403664],[-1.5436796128695227,53.47263158672902],[-1.5465832728694844,53.474611735826876],[-1.5496460375269785,53.47848303855751],[-1.557362613417288,53.48028519672523],[-1.5572432849241389,53.48104165817834],[-1.5581183605405657,53.48268807428217],[-1.5593911978008228,53.4835780289329],[-1.5611015728692936,53.483934010793185],[-1.5608629158829954,53.48428999265347],[-1.5622153054720185,53.48428999265347],[-1.5640847851980215,53.48486846317644],[-1.5650791893075975,53.484890712042706],[-1.5652780701295126,53.48546918256568],[-1.5663520265678545,53.48564717349582],[-1.5659940410884072,53.48606990195491],[-1.5673066545130476,53.48629239061759],[-1.5691761342390502,53.4864258838152],[-1.5748243495814418,53.48598090648984],[-1.5763358438279973,53.48613664855372],[-1.582342044649836,53.48758282486114],[-1.5872345128689498,53.48820579311665],[-1.589501754238783,53.48958522282526],[-1.5928031758825751,53.490519675208525],[-1.6021505745125892,53.49187685605087],[-1.6023096791701212,53.49154312305685],[-1.6066452810878724,53.49287805503293],[-1.609310284101536,53.491698865120725],[-1.6096284934166003,53.492255086777426],[-1.6119355109508167,53.49332303235829],[-1.6144414093069481,53.49310054369561],[-1.6149982756083106,53.490608670673595],[-1.6222773136904065,53.492166091312356],[-1.6243058980739415,53.49223283791116],[-1.621521566567129,53.495903900845384],[-1.6200896246493395,53.49679385549611],[-1.6189361158822313,53.49935247511693],[-1.6206464909507021,53.50242281866192],[-1.6224364183479387,53.50277880052221],[-1.6213624619095968,53.504491963224844],[-1.6239081364301111,53.504870193951405],[-1.62271485149862,53.50736206697342],[-1.624624107389006,53.507651302234905],[-1.6245843312246229,53.50787379089759],[-1.620686267115085,53.50978719339664],[-1.6193736536904448,53.51259055054641],[-1.6190952205397635,53.51637285781198],[-1.6166290983480152,53.51759654545672],[-1.6149982756083106,53.51924296156055],[-1.611378644649454,53.52149009705362],[-1.6103444643754952,53.52289177562851],[-1.6091511794440039,53.52364823708162],[-1.6097478219097496,53.52424895647086],[-1.6130890197179246,53.524805178127565],[-1.6145607378000972,53.52600661690604],[-1.6181008164301875,53.52631810103379],[-1.618498578074018,53.52723030455078],[-1.6200896246493395,53.526718580626614],[-1.6234308224575147,53.52696331815556],[-1.625618511498582,53.533037258646736],[-1.6276868720464999,53.53552913166875],[-1.629993889580716,53.53753152963288],[-1.6305905320464618,53.53748703190034],[-1.6312269506765902,53.539022203672836],[-1.630988293690292,53.53973416739341],[-1.6327782210875288,53.54155857442739],[-1.6334941920464234,53.54140283236352],[-1.6335339682108065,53.54235953361304],[-1.6354034479368094,53.54364996785659],[-1.6364774043751513,53.5448959043676],[-1.6367558375258326,53.54772151038364],[-1.6355227764299585,53.548299980906606],[-1.6349261339642127,53.54807749224393],[-1.6311871745122073,53.54992414814417],[-1.6294370232793536,53.550213383405655],[-1.6281641860190963,53.55117008465518],[-1.6253003021835175,53.55161506198054],[-1.6244252265670907,53.55226027910231],[-1.624783212046538,53.55257176323007],[-1.621601118895895,53.55335047354945],[-1.6220386567041083,53.55388444633988],[-1.6212829095808305,53.55395119293868],[-1.6214022380739799,53.554284925932706],[-1.62048738629317,53.55486339645567],[-1.6210840287589154,53.555330622647304],[-1.6199702961561904,53.55559760904252],[-1.6191747728685297,53.55626507503056],[-1.6184588019096349,53.557933740000664],[-1.6189758920466144,53.55813397979708],[-1.6182201449233367,53.558400966192295],[-1.6173450693069098,53.559491160639425],[-1.6193338775260617,53.56093733694685],[-1.6193736536904448,53.56311772584112],[-1.6157142465672052,53.56302873037605],[-1.6164302175261,53.56449715554973],[-1.6144414093069481,53.5650088794739],[-1.6130492435535417,53.56643280691505],[-1.6120946156083487,53.56770099229233],[-1.6122537202658809,53.568546449210515],[-1.6107422260193256,53.57010386984928],[-1.6096284934166003,53.57208401894713],[-1.607202147389235,53.571527797290436],[-1.6062475194440422,53.572884978132784],[-1.5983320627318176,53.576600538799546],[-1.5961841498551335,53.576956520659834],[-1.5964228068414317,53.57720125818878],[-1.6002413186222033,53.57737924911893],[-1.5995253476633087,53.57909241182156],[-1.5984513912249665,53.57922590501917],[-1.5980536295811363,53.57975987780961],[-1.5992071383482442,53.58069433019286],[-1.600798184923566,53.5812283029833],[-1.6023096791701212,53.58305271001728],[-1.6024687838276535,53.58496611251633],[-1.6005197517728846,53.58630104449241],[-1.6017130367043757,53.58774722079983],[-1.5993264668413936,53.58885966411323],[-1.5995651238276918,53.58928239257232],[-1.5980138534167532,53.5894381346362],[-1.5977354202660718,53.59023909382185],[-1.5910928008141045,53.59235273611731],[-1.5896210827319321,53.59388790788981],[-1.5890642164305695,53.59357642376205],[-1.5879902599922275,53.59350967716325],[-1.5865185419100551,53.5969582514348],[-1.586438989581289,53.59998409724725],[-1.5852059284854148,53.60020658590993],[-1.5858423471155434,53.60225348160659],[-1.5869560797182685,53.60376640451281],[-1.587592498348397,53.60345492038506],[-1.5878709314990784,53.603610662448936],[-1.5910928008141045,53.606770001459],[-1.5899392920469964,53.607081485586754],[-1.5881891408141426,53.60650301506378],[-1.586438989581289,53.607170481051824],[-1.5845297336909032,53.60588004680828],[-1.5835751057457101,53.60563530927933],[-1.5819045068416226,53.6057910513432],[-1.577051814786892,53.60754871177838],[-1.57192068958148,53.608594408492976],[-1.5661531457459394,53.60668100599393],[-1.564641651499384,53.606947992389145],[-1.5634483665678929,53.60765995610972],[-1.560465154239165,53.60757096064465],[-1.5598287356090363,53.60719272991809],[-1.5600276164309514,53.606725503726466],[-1.5587150030063113,53.60685899692407],[-1.5576012704035862,53.60590229567455],[-1.559550302458355,53.60661425939512],[-1.5607038112254632,53.60645851733125],[-1.561737991499422,53.6068367480578],[-1.5644029945130857,53.606124784337226],[-1.566670235882919,53.604878847826214],[-1.569931881362328,53.602186735007784],[-1.5713240471157344,53.59940562672428],[-1.572875317526673,53.598715911869974],[-1.5754209920471873,53.59829318341088],[-1.5756994251978687,53.594822360273064],[-1.574983454238974,53.594377382947705],[-1.573949273965015,53.59226374065224],[-1.5762165153348482,53.59157402579793],[-1.5767733816362106,53.59063957341468],[-1.5754209920471873,53.589482632368735],[-1.5742674832800791,53.58685726614911],[-1.5632892619103607,53.584498886324695],[-1.5619766484857203,53.58329744754622],[-1.559510526293972,53.582629981558185],[-1.5587150030063113,53.58209600876775],[-1.5566068662940102,53.57871418109501],[-1.5557317906775834,53.578202457170846],[-1.5568852994446916,53.57653379220074],[-1.5587150030063113,53.57508761589332],[-1.5567261947871593,53.57464263856796],[-1.5562886569789458,53.57502086929451],[-1.5567261947871593,53.575265606823464],[-1.5548964912255396,53.5759330728115],[-1.554260072595411,53.57551034435241],[-1.5535838778008992,53.57568833528256],[-1.553265668485835,53.575354602288535],[-1.5529872353351537,53.57575508188136],[-1.5523905928694082,53.57510986475959],[-1.5500835753351918,53.57462038970169],[-1.5484129764311043,53.57497637156198],[-1.5467423775270166,53.57464263856796],[-1.5468219298557828,53.574308905573936],[-1.545946854239356,53.57404191917872],[-1.5456684210886746,53.574442398771545],[-1.5446740169790987,53.57417541237633],[-1.5442364791708854,53.5736414395859],[-1.5434011797188414,53.57395292371365],[-1.5435205082119905,53.574264407841405],[-1.542963641910628,53.57393067484738],[-1.5423669994448823,53.57410866577752],[-1.5412134906777744,53.57377493278351],[-1.540736176705178,53.57399742144619],[-1.5405372958832626,53.57324095999307],[-1.5423272232804994,53.57281823153398],[-1.5434011797188414,53.571149566563875],[-1.5426454325955636,53.57052659830837],[-1.5431625227325432,53.570014874384206],[-1.5424863279380316,53.56885793333827],[-1.5433216273900754,53.568546449210515],[-1.5427647610887127,53.56830171168157],[-1.5440773745133531,53.567589747960994],[-1.543918269855821,53.56727826383324],[-1.5443558076640342,53.56738950816458],[-1.5447137931434818,53.56714477063563],[-1.5443955838284174,53.56683328650788],[-1.545151330951695,53.566299313717444],[-1.5443955838284174,53.565987829589695],[-1.544833121636631,53.56543160793299],[-1.5444751361571836,53.56545385679926],[-1.5444751361571836,53.565075626072705],[-1.5427647610887127,53.564474906683465],[-1.54089528136271,53.56307322810858],[-1.5410146098558593,53.56158255406862],[-1.5423272232804994,53.561093079010725],[-1.5444751361571836,53.56084834148178],[-1.54403759834897,53.56033661755761],[-1.554339624924177,53.5579782377332],[-1.5541407441022619,53.556576559158316],[-1.5555726860200512,53.555197129449695],[-1.5548964912255396,53.55513038285089],[-1.5552147005406038,53.5547076543918],[-1.5537032062940483,53.554284925932706],[-1.5519928312255777,53.553038989421694],[-1.550163127663958,53.55257176323007],[-1.550163127663958,53.55128132898652],[-1.5494869328694463,53.550324627737],[-1.5504813369790222,53.549256682156134],[-1.5496460375269785,53.54867821163316],[-1.5499642468420427,53.54772151038364],[-1.5484527525954874,53.547565768319764],[-1.5486516334174025,53.53986766059102],[-1.5504017846502562,53.53888871047523],[-1.5512370841023,53.5379320092257],[-1.5509188747872358,53.53639683745321],[-1.5494471567050634,53.53419419969267],[-1.5496460375269785,53.5329927609142],[-1.5505211131434053,53.532258548327356],[-1.550242679992724,53.531791322135724],[-1.5453502117736102,53.53072337655486],[-1.5446740169790987,53.53036739469457],[-1.5444751361571836,53.53054538562471],[-1.5434011797188414,53.53014490603189],[-1.5420885662942012,53.530100408299354],[-1.5411339383490081,53.53072337655486],[-1.5402986388969644,53.53054538562471],[-1.5359630369792132,53.53121285161276],[-1.5350481851984035,53.531012611816344],[-1.53461064739019,53.53132409594409],[-1.5338946764312953,53.53121285161276],[-1.5312694495820147,53.531702326670654],[-1.5288828797190324,53.53105710954888],[-1.5275702662943922,53.53150208687424],[-1.525422353417708,53.531702326670654],[-1.5249848156094947,53.53121285161276],[-1.5238313068423865,53.53127959821156],[-1.523194888212258,53.530968114083805],[-1.5230755597191088,53.53125734934529],[-1.5216436178013195,53.530968114083805],[-1.521206079993106,53.53123510047902],[-1.5195752572534014,53.531101607281414],[-1.5163931641027584,53.53185806873453],[-1.5146430128699047,53.53150208687424],[-1.5118586813630919,53.53241429039123],[-1.510864277253516,53.53208055739721],[-1.5096709923220248,53.53263677905391],[-1.5093130068425775,53.532347543792426],[-1.5085970358836829,53.532703525652714],[-1.5075628556097238,53.532481036990035],[-1.5073241986234256,53.53274802338525],[-1.5070457654727443,53.532481036990035],[-1.506608227664531,53.53281476998406],[-1.5061706898563174,53.532659027920175],[-1.5061706898563174,53.53292601431539],[-1.505733152048104,53.53283701885032],[-1.505613823554955,53.53232529492616],[-1.5050967334179755,53.532659027920175],[-1.5050967334179755,53.53223629946108],[-1.504539867116613,53.5325032858563],[-1.503505686842654,53.53203605966467],[-1.503505686842654,53.532481036990035],[-1.5031079251988235,53.532436539257496],[-1.5028294920481422,53.531880317600795],[-1.501317997801587,53.530968114083805],[-1.498454113966008,53.52992241736921],[-1.499607622733116,53.53168007780438],[-1.4992496372536688,53.53185806873453],[-1.4952322446509818,53.52883222292208],[-1.4945958260208534,53.52903246271849],[-1.4934423172537452,53.52852073879432],[-1.4896635816373565,53.52823150353284],[-1.4874758925962894,53.52751953981226],[-1.4866405931442457,53.527586286411065],[-1.4860439506785,53.527052313620636],[-1.4844131279387955,53.52743054434719],[-1.4834187238292196,53.52723030455078],[-1.4833789476648365,53.526674082894075],[-1.4822652150621114,53.526718580626614],[-1.4835380523223687,53.52607336350484],[-1.4815094679388336,53.52553939071441],[-1.4816287964319828,53.52482742699383],[-1.4826629767059418,53.52371498368043],[-1.4810321539662372,53.52344799728521],[-1.4821061104045792,53.52353699275028],[-1.4822652150621114,53.52106736859453],[-1.4845722325963275,53.51971018775218]]]}},{"type":"Feature","id":"E05000990","properties":{"WD13CD":"E05000990","WD13CDO":"00CCGP","WD13NM":"Penistone West","WD13NMW":null},"geometry":{"type":"Polygon","coordinates":[[[-1.6193736536904448,53.56311772584112],[-1.6193338775260617,53.56093733694685],[-1.6173450693069098,53.559491160639425],[-1.6182201449233367,53.558400966192295],[-1.6189758920466144,53.55813397979708],[-1.6184588019096349,53.557933740000664],[-1.6191747728685297,53.55626507503056],[-1.6199702961561904,53.55559760904252],[-1.6210840287589154,53.555330622647304],[-1.62048738629317,53.55486339645567],[-1.6214022380739799,53.554284925932706],[-1.6212829095808305,53.55395119293868],[-1.6220386567041083,53.55388444633988],[-1.621601118895895,53.55335047354945],[-1.624783212046538,53.55257176323007],[-1.6244252265670907,53.55226027910231],[-1.6253003021835175,53.55161506198054],[-1.6281641860190963,53.55117008465518],[-1.6294370232793536,53.550213383405655],[-1.6311871745122073,53.54992414814417],[-1.6349261339642127,53.54807749224393],[-1.6355227764299585,53.548299980906606],[-1.6367558375258326,53.54772151038364],[-1.6364774043751513,53.5448959043676],[-1.6354034479368094,53.54364996785659],[-1.6335339682108065,53.54235953361304],[-1.6334941920464234,53.54140283236352],[-1.6327782210875288,53.54155857442739],[-1.630988293690292,53.53973416739341],[-1.6312269506765902,53.539022203672836],[-1.6305905320464618,53.53748703190034],[-1.629993889580716,53.53753152963288],[-1.6276868720464999,53.53552913166875],[-1.625618511498582,53.533037258646736],[-1.6234308224575147,53.52696331815556],[-1.6200896246493395,53.526718580626614],[-1.618498578074018,53.52723030455078],[-1.6181008164301875,53.52631810103379],[-1.6145607378000972,53.52600661690604],[-1.6130890197179246,53.524805178127565],[-1.6097478219097496,53.52424895647086],[-1.6091511794440039,53.52364823708162],[-1.6103444643754952,53.52289177562851],[-1.611378644649454,53.52149009705362],[-1.6149982756083106,53.51924296156055],[-1.6166290983480152,53.51759654545672],[-1.6190952205397635,53.51637285781198],[-1.6193736536904448,53.51259055054641],[-1.620686267115085,53.50978719339664],[-1.6245843312246229,53.50787379089759],[-1.624624107389006,53.507651302234905],[-1.62271485149862,53.50736206697342],[-1.6239081364301111,53.504870193951405],[-1.6213624619095968,53.504491963224844],[-1.6224364183479387,53.50277880052221],[-1.6206464909507021,53.50242281866192],[-1.6189361158822313,53.49935247511693],[-1.6200896246493395,53.49679385549611],[-1.621521566567129,53.495903900845384],[-1.6243058980739415,53.49223283791116],[-1.6338124013614879,53.49236633110877],[-1.6416880819093294,53.494079493811405],[-1.6480522682106156,53.49479145753198],[-1.6550926493064133,53.49677160662984],[-1.6595078035529305,53.49848476933248],[-1.669252963826775,53.50062066049421],[-1.6803107375252597,53.5004871672966],[-1.6821404410868794,53.49941922171573],[-1.6825779788950928,53.499508217180804],[-1.6840894731416483,53.498840751192766],[-1.6844474586210956,53.499441470582006],[-1.6888228367032299,53.49908548872171],[-1.688981941360762,53.49964171037841],[-1.6905332117717005,53.49981970130856],[-1.6906923164292327,53.499441470582006],[-1.6934368717716624,53.50017568316885],[-1.6984486684839253,53.50255631185953],[-1.7011136714975887,53.50311253351623],[-1.7029831512235916,53.50291229371982],[-1.7033013605386558,53.50184434813895],[-1.7044150931413808,53.50173310380761],[-1.7052901687578077,53.50115463328464],[-1.7061254682098517,53.50173310380761],[-1.707477857798875,53.50133262421478],[-1.7111770410864975,53.50117688215091],[-1.7110179364289653,53.500798651424354],[-1.7118930120453921,53.49981970130856],[-1.712847639990585,53.49961946151215],[-1.7124896545111377,53.49857376479755],[-1.7140409249220763,53.49790629880951],[-1.7137227156070118,53.49663811343223],[-1.7156717476617809,53.49548117238629],[-1.7160695093056113,53.494123991543944],[-1.7172627942371024,53.493946000613796],[-1.7195698117713185,53.49292255276547],[-1.7197686925932338,53.492477575440105],[-1.7215983961548535,53.49263331750399],[-1.7214392914973213,53.49196585151594],[-1.7228314572507277,53.49154312305685],[-1.730388928483505,53.49136513212671],[-1.7318208704012945,53.49103139913269],[-1.7336107977985311,53.48811679765157],[-1.7354405013601508,53.486626123611615],[-1.7362360246478117,53.48375601986304],[-1.737707742729984,53.48157563096877],[-1.7366337862916421,53.48075242291686],[-1.736395129305344,53.4793284954757],[-1.73870214683956,53.477125857715166],[-1.739696550949136,53.47719260431397],[-1.7416455830039048,53.47823830102857],[-1.7423217777984166,53.479039260214215],[-1.7433559580723756,53.4793284954757],[-1.744787899990165,53.47897251361541],[-1.7462993942367204,53.47897251361541],[-1.7489643972503839,53.47984021939987],[-1.751112310127068,53.479906965998666],[-1.754135298620179,53.480641178585515],[-1.7574764964283542,53.48104165817834],[-1.7605392610858481,53.48075242291686],[-1.7618916506748714,53.481241897974755],[-1.7628860547844474,53.48108615591087],[-1.7639600112227896,53.48139764003863],[-1.7659885956063244,53.48106390704461],[-1.7710799446473533,53.482421087886955],[-1.7737051714966339,53.48248783448576],[-1.7804273432773674,53.48435673925228],[-1.7836492125923935,53.48477946771137],[-1.7855186923183963,53.484757218845104],[-1.78726884355125,53.48435673925228],[-1.790450936701893,53.48248783448576],[-1.7919624309484485,53.4819761105616],[-1.8014689342359946,53.48097491157954],[-1.801866695879825,53.48651487928028],[-1.8002358731401205,53.488094548785305],[-1.8002756493045036,53.49278905956786],[-1.7998778876606731,53.492989299364275],[-1.8002756493045036,53.49334528122456],[-1.799718783003141,53.49354552102098],[-1.7979288556059043,53.49336753009083],[-1.7974913177976908,53.49387925401499],[-1.7958604950579862,53.49427973360782],[-1.7958604950579862,53.49525868372361],[-1.7950251956059424,53.495903900845384],[-1.7953434049210069,53.49670486003104],[-1.7950649717703255,53.49817328520472],[-1.7958604950579862,53.49946371944827],[-1.7957013904004542,53.50095439348823],[-1.7960593758799015,53.50131037534852],[-1.7962980328661997,53.503134782382496],[-1.796735570674413,53.50302353805116],[-1.7970935561538606,53.5036910040392],[-1.7990028120442463,53.504647705288725],[-1.803935056427743,53.505048184881545],[-1.8077535682085148,53.50609388159614],[-1.8103787950577952,53.506338619125096],[-1.8007529632771,53.51136686290167],[-1.806878492592088,53.51207882662224],[-1.8099412572495819,53.51187858682584],[-1.8136404405372044,53.51207882662224],[-1.8195273128658942,53.513413758598325],[-1.8208001501261513,53.51848650010744],[-1.822590077523388,53.519999423013665],[-1.8221923158795577,53.5210896174608],[-1.8042532657428074,53.536997556842444],[-1.8037361756058279,53.53635233972067],[-1.79983811149629,53.534483434954154],[-1.7970537799894775,53.53388271556492],[-1.7940307914963665,53.534349941756545],[-1.791644221633384,53.53541788733742],[-1.7885814569758902,53.53552913166875],[-1.78543913998963,53.53477267021564],[-1.7768077123185109,53.53550688280249],[-1.771795915606248,53.53383821783238],[-1.765551057798111,53.53561812713382],[-1.7558854498530327,53.536686072714694],[-1.7424808824559488,53.541069099369494],[-1.741605806839522,53.54109134823576],[-1.7401738649217324,53.542070298351554],[-1.7331334838259347,53.545096144164006],[-1.73019004766159,53.54676480913411],[-1.729195643552014,53.547521270587225],[-1.7295536290314613,53.54803299451139],[-1.7288774342369495,53.54814423884273],[-1.7274454923191602,53.55016888567312],[-1.7245020561548154,53.55221578136978],[-1.7264113120452012,53.554507414595385],[-1.725297579442476,53.555330622647304],[-1.7232292188945582,53.55993613796479],[-1.7041366599906997,53.560225373226274],[-1.6990453109496708,53.55379545087481],[-1.6706053534157983,53.55412918386883],[-1.6695313969774563,53.55321698035184],[-1.6686960975254124,53.553728704276004],[-1.6673834841007722,53.55339497128198],[-1.661934149580296,53.55368420654347],[-1.6622523588953602,53.55444066799658],[-1.6615761641008486,53.55466315665927],[-1.6617750449227637,53.5558200977052],[-1.6639627339638308,53.557488762675305],[-1.6608999693063369,53.5595801561045],[-1.6604624314981236,53.55924642311048],[-1.6593089227310154,53.55980264476718],[-1.6585133994433545,53.55886819238392],[-1.6574792191693957,53.559179676511675],[-1.658036085470758,53.55975814703464],[-1.6563257104022875,53.56035886642388],[-1.6565643673885857,53.56053685735402],[-1.651711675333855,53.56073709715044],[-1.6509161520461944,53.56160480293489],[-1.6496830909503202,53.56151580746982],[-1.6489273438270424,53.56198303366145],[-1.6467794309503583,53.562316766655464],[-1.6377502416354086,53.562316766655464],[-1.6336135205395725,53.562917486044704],[-1.6333748635532743,53.56316222357365],[-1.6279653051971812,53.56331796563753],[-1.6270504534163712,53.56358495203275],[-1.6222773136904065,53.56280624171336],[-1.6193736536904448,53.56311772584112]]]}},{"type":"Feature","id":"E05000991","properties":{"WD13CD":"E05000991","WD13CDO":"00CCGQ","WD13NM":"Rockingham","WD13NMW":null},"geometry":{"type":"Polygon","coordinates":[[[-1.455973170404923,53.47185287640964],[-1.4657183306787673,53.48237659015442],[-1.467388929582855,53.48520219617046],[-1.469576618623922,53.49025268881331],[-1.4718836361581382,53.493389778957095],[-1.474469086843036,53.4956146655839],[-1.4812310347881523,53.50026467863392],[-1.484969994240158,53.50446971435858],[-1.489066939171611,53.50809627956027],[-1.490220447938719,53.5096759490653],[-1.4908170904044646,53.51261279941268],[-1.4889476106784618,53.51706257266628],[-1.4873167879387572,53.5173295590615],[-1.4863223838291812,53.51864224217132],[-1.4845722325963275,53.51971018775218],[-1.4829414098566231,53.51962119228711],[-1.4822652150621114,53.51873123763639],[-1.4826232005415587,53.51833075804356],[-1.4816685725963659,53.51777453638686],[-1.481907229582664,53.517396305660306],[-1.4813901394456845,53.51764104318926],[-1.4803161830073426,53.51617261801557],[-1.4796399882128308,53.51595012935289],[-1.4773727468429976,53.51695132833495],[-1.4751055054731645,53.517529798857915],[-1.4750259531443983,53.51786353185194],[-1.4724007262951178,53.51603912481796],[-1.4716052030074571,53.51450395304546],[-1.467309377254089,53.51477093944068],[-1.4645648219116594,53.51541615656245],[-1.4631328799938699,53.51443720644666],[-1.4634113131445512,53.513791989324886],[-1.4614622810897822,53.511411360634206],[-1.4568482460213499,53.51290203467416],[-1.4557742895830077,53.51214557322105],[-1.4519160016378532,53.511544853831815],[-1.4519955539666192,53.509631451332766],[-1.4481372660214644,53.50956470473396],[-1.4470633095831225,53.50522617581169],[-1.4463871147886107,53.5052929224105],[-1.4423697221859237,53.500887646889424],[-1.4418128558845613,53.49743907261788],[-1.4388694197202165,53.496682611164765],[-1.4375965824599592,53.49686060209491],[-1.4378750156106406,53.49525868372361],[-1.4397842715010263,53.49205484698101],[-1.4409377802681345,53.49112039459776],[-1.4424094983503069,53.49016369334823],[-1.4436823356105641,53.488406032913055],[-1.4521546586241514,53.485024205240315],[-1.4507227167063619,53.4820428571604],[-1.4503249550625315,53.47763758163933],[-1.451836449309087,53.47616915646564],[-1.4567289175282008,53.47356603911228],[-1.4552174232816453,53.47176388094457],[-1.455973170404923,53.47185287640964]]]}},{"type":"Feature","id":"E05000992","properties":{"WD13CD":"E05000992","WD13CDO":"00CCGR","WD13NM":"Royston","WD13NMW":null},"geometry":{"type":"Polygon","coordinates":[[[-1.4858450698565848,53.58412065559814],[-1.487197459445608,53.586924012747915],[-1.489106715335994,53.58812545152639],[-1.4893453723222922,53.59057282681587],[-1.4886294013633976,53.59172976786181],[-1.4841346947881142,53.59419939201756],[-1.4838164854730498,53.5948001114068],[-1.4828220813634738,53.59513384440082],[-1.4812310347881523,53.59631303431302],[-1.4792820027333835,53.596891504835995],[-1.4785262556101058,53.59827093454461],[-1.4750259531443983,53.59996184838098],[-1.4740713251992055,53.6013412780896],[-1.4730371449252464,53.6007850564329],[-1.4638090747883816,53.60441162163459],[-1.4604678769802064,53.606124784337226],[-1.4590757112268,53.60623602866857],[-1.4560924988980721,53.60743746744704],[-1.4482565945146135,53.61153125884036],[-1.4476201758844849,53.61273269761883],[-1.4470633095831225,53.61228772029347],[-1.4467848764324411,53.612799444217636],[-1.444756292048906,53.6105968064571],[-1.4424094983503069,53.609773598405184],[-1.4392274051996639,53.60705923672048],[-1.438431881912003,53.607170481051824],[-1.4380341202681728,53.60674775259273],[-1.4366021783503833,53.606569761662584],[-1.4355679980764242,53.60806043570255],[-1.434255384651784,53.608082684568814],[-1.4338973991723367,53.608638906225515],[-1.4334598613641232,53.608549910760445],[-1.4329029950627608,53.608950390353264],[-1.432027919446334,53.60846091529537],[-1.4324256810901643,53.60814943116762],[-1.4319085909531848,53.60819392890015],[-1.4291640356107551,53.60661425939512],[-1.4294424687614364,53.60554631381426],[-1.4287264978025416,53.60503458989009],[-1.42490798602177,53.604433870500856],[-1.4263797041039423,53.6034994181176],[-1.4280900791724132,53.603276929454914],[-1.430039111227182,53.60131902922333],[-1.4307550821860766,53.598626916404896],[-1.4328632188983776,53.59658002070824],[-1.432147247939483,53.59511159553455],[-1.4324654572545472,53.5943106363489],[-1.432067695610717,53.593732165825934],[-1.4324654572545472,53.59348742829698],[-1.4389887482133656,53.59284221117521],[-1.4387898673914503,53.59146278146659],[-1.4430061408160524,53.59068407114721],[-1.4483759230077626,53.58750248327088],[-1.4480974898570813,53.58707975481179],[-1.4494498794461048,53.58659027975389],[-1.4517171208159378,53.587925211729974],[-1.4535070482131747,53.588570428851746],[-1.454899213966581,53.58703525707925],[-1.4582801879391392,53.58741348780581],[-1.460189443829525,53.5872799946082],[-1.465439897528086,53.58543333870795],[-1.4667525109527264,53.58423189992948],[-1.4685026621855801,53.58409840673187],[-1.4718836361581382,53.585188601179006],[-1.4770147613635503,53.58854817998548],[-1.478685360267638,53.58894865957831],[-1.4804752876648746,53.589015406177104],[-1.4822254388977283,53.588614926584285],[-1.4834982761579856,53.587925211729974],[-1.4858450698565848,53.58412065559814]]]}},{"type":"Feature","id":"E05000993","properties":{"WD13CD":"E05000993","WD13CDO":"00CCGS","WD13NM":"St Helens","WD13NMW":null},"geometry":{"type":"Polygon","coordinates":[[[-1.4896238054729736,53.57221751214474],[-1.4904988810894002,53.572617991737566],[-1.4897829101305056,53.57299622246412],[-1.4898624624592718,53.57359694185336],[-1.4907375380756986,53.57332995545814],[-1.4915330613633593,53.574219910108866],[-1.495192468486599,53.57477613176557],[-1.4962664249249409,53.57542134888734],[-1.4969426197194526,53.57542134888734],[-1.4960675441030258,53.57931490048424],[-1.4968630673906864,53.5796931312108],[-1.4966641865687713,53.580805574524206],[-1.4959084394454936,53.57998236647229],[-1.4940787358838739,53.57924815388544],[-1.491294404377061,53.579626384612],[-1.491294404377061,53.580293850600036],[-1.4877543257469708,53.581428542779705],[-1.4872372356099912,53.58214050650029],[-1.4867599216373948,53.58214050650029],[-1.4858450698565848,53.58412065559814],[-1.4834982761579856,53.587925211729974],[-1.4822254388977283,53.588614926584285],[-1.4804752876648746,53.589015406177104],[-1.478685360267638,53.58894865957831],[-1.4770147613635503,53.58854817998548],[-1.4718836361581382,53.585188601179006],[-1.4685026621855801,53.58409840673187],[-1.4667525109527264,53.58423189992948],[-1.465439897528086,53.58543333870795],[-1.460189443829525,53.5872799946082],[-1.4582801879391392,53.58741348780581],[-1.454899213966581,53.58703525707925],[-1.4552571994460282,53.5866570263527],[-1.4543423476652184,53.585878316033316],[-1.4547003331446657,53.58434314426082],[-1.453904809857005,53.58409840673187],[-1.4538252575282389,53.583675678272776],[-1.4532286150624933,53.58387591806919],[-1.452751301089897,53.58356443394144],[-1.4544616761583675,53.58254098609311],[-1.4555356325967095,53.5812283029833],[-1.4537457051994729,53.580115859669895],[-1.4495692079392537,53.57833595036845],[-1.4505238358844468,53.577045516124905],[-1.4498874172543181,53.57341895092321],[-1.4535866005419407,53.57319646226053],[-1.4533479435556425,53.57221751214474],[-1.4553367517747944,53.57132755749402],[-1.4561322750624552,53.57212851667967],[-1.4581210832816072,53.57168353935431],[-1.4584392925966714,53.5721062678134],[-1.4593541443774813,53.57195052574953],[-1.4593541443774813,53.57139430409283],[-1.4607463101308875,53.57141655295909],[-1.4619793712267617,53.57268473833637],[-1.4630135515007208,53.5720395212146],[-1.4665138539664282,53.57108281996507],[-1.4700141564321356,53.569925878919136],[-1.4727587117745653,53.569458652727505],[-1.4729973687608635,53.570281860779424],[-1.4750259531443983,53.5698813811866],[-1.4777307323224451,53.57237325420862],[-1.478725136432021,53.571928276883256],[-1.4790433457470853,53.57074908697105],[-1.4806343923224068,53.57039310511076],[-1.4801968545141935,53.56885793333827],[-1.4791228980758513,53.56830171168157],[-1.4784467032813398,53.56747850362965],[-1.478685360267638,53.5672337661007],[-1.4796002120484477,53.56734501043204],[-1.4800377498566613,53.5677899877574],[-1.481907229582664,53.567767738891135],[-1.4842540232812633,53.5683462094141],[-1.4896238054729736,53.57221751214474]]]}},{"type":"Feature","id":"E05000994","properties":{"WD13CD":"E05000994","WD13CDO":"00CCGT","WD13NM":"Stairfoot","WD13NMW":null},"geometry":{"type":"Polygon","coordinates":[[[-1.4255046284875155,53.52803126373642],[-1.4234362679395975,53.52921045364863],[-1.4237147010902789,53.52934394684624],[-1.4220838783505743,53.53107935841515],[-1.4222429830081065,53.53290376544913],[-1.4235555964327467,53.53452793268669],[-1.425942166295729,53.53470592361683],[-1.4280900791724132,53.535862864662775],[-1.4288060501313078,53.53710880117379],[-1.4309937391723748,53.53882196387642],[-1.4313517246518221,53.538688470678814],[-1.432187024103866,53.539155696870445],[-1.432067695610717,53.53951167873073],[-1.434215608487401,53.53980091399222],[-1.43524978876136,53.54026814018385],[-1.4379943441037897,53.53973416739341],[-1.439346733692813,53.53920019460298],[-1.4406593471174531,53.537865262626894],[-1.4424094983503069,53.538021004690776],[-1.4431254693092015,53.534950661145785],[-1.4457904723228652,53.534394439489084],[-1.4470633095831225,53.53441668835535],[-1.4471030857475053,53.53492841227952],[-1.4479383851995493,53.53492841227952],[-1.4482168183502304,53.5346614258843],[-1.4490123416378913,53.53492841227952],[-1.449807864925552,53.5345946792855],[-1.4515580161584056,53.53568487373263],[-1.4523535394460665,53.53550688280249],[-1.4534672720487916,53.536953059109905],[-1.4536263767063238,53.53839923541733],[-1.4590757112268,53.5389777059403],[-1.4592745920487151,53.53797650695824],[-1.4599110106788438,53.53804325355704],[-1.4599507868432269,53.5374425341678],[-1.464167060267829,53.53942268326566],[-1.4645250457472763,53.542315035880506],[-1.4637295224596154,53.544317433844625],[-1.4599110106788438,53.545274135094154],[-1.4565698128706686,53.546698062535306],[-1.4578426501309258,53.546920551197985],[-1.454899213966581,53.54836672750541],[-1.4538252575282389,53.54996864587671],[-1.4521944347885343,53.55016888567312],[-1.4502851788981486,53.55226027910231],[-1.45096137369266,53.552416021166195],[-1.4499669695830841,53.553550713345864],[-1.4482168183502304,53.55379545087481],[-1.4410968849256667,53.55152606651547],[-1.438471658076386,53.551503817649206],[-1.4356873265695733,53.55210453703844],[-1.4337382945148045,53.55357296221213],[-1.4298800065696498,53.5542181793339],[-1.42805030300803,53.55493014305448],[-1.4261808232820272,53.55452966346166],[-1.4244704482135566,53.55490789418821],[-1.4224418638300216,53.556109332966685],[-1.4211292504053814,53.55624282616429],[-1.4203337271177205,53.55595359090281],[-1.4192199945149955,53.55624282616429],[-1.4184642473917177,53.55530837378104],[-1.4174698432821418,53.555575360176256],[-1.4158390205424372,53.55544186697865],[-1.415441258898607,53.555886844304005],[-1.4119011802685164,53.55564210677505],[-1.412458046569879,53.55493014305448],[-1.410310133693195,53.55493014305448],[-1.409236177254853,53.553194731485576],[-1.4085997586247243,53.55286099849155],[-1.410429462186344,53.55221578136978],[-1.409236177254853,53.54885620256331],[-1.409236177254853,53.54594160108219],[-1.4081622208165108,53.545785859018316],[-1.409395281912385,53.54316049279869],[-1.4069291597206366,53.54229278701423],[-1.4068098312274875,53.541803311956336],[-1.4058949794466775,53.54146957896232],[-1.4049005753371016,53.539378185533124],[-1.4028322147891836,53.53879971501016],[-1.3973431041043245,53.53839923541733],[-1.3961895953372163,53.53670832158096],[-1.3952747435564063,53.536174348790524],[-1.3952349673920232,53.53557362940129],[-1.3963089238303654,53.535395638471144],[-1.3975022087618565,53.53232529492616],[-1.4003263164330522,53.533348742774486],[-1.4025935578028854,53.53185806873453],[-1.4068098312274875,53.531479838007975],[-1.4096737150630663,53.529877919636675],[-1.4110261046520896,53.530790123153665],[-1.4148446164328612,53.52720805568451],[-1.4160379013643525,53.52734154888212],[-1.4163163345150336,53.52593987030723],[-1.4192199945149955,53.52587312370843],[-1.4235953725971298,53.52709681135317],[-1.4255046284875155,53.52803126373642]]]}},{"type":"Feature","id":"E05000995","properties":{"WD13CD":"E05000995","WD13CDO":"00CCGU","WD13NM":"Wombwell","WD13NMW":null},"geometry":{"type":"Polygon","coordinates":[[[-1.4255046284875155,53.52803126373642],[-1.4235953725971298,53.52709681135317],[-1.4192199945149955,53.52587312370843],[-1.4163163345150336,53.52593987030723],[-1.4160379013643525,53.52734154888212],[-1.4148446164328612,53.52720805568451],[-1.4110261046520896,53.530790123153665],[-1.4096737150630663,53.529877919636675],[-1.4068098312274875,53.531479838007975],[-1.3971839994467923,53.524983169057705],[-1.3902629468441434,53.52155684365243],[-1.3825463709538341,53.518998224031606],[-1.3689031465704518,53.51521591676604],[-1.3693406843786653,53.514370459847854],[-1.3707328501320717,53.514704192841876],[-1.3792449493100418,53.51439270871412],[-1.3808757720497464,53.51388098478996],[-1.389626528214015,53.50938671380381],[-1.4049403515014847,53.51170059589569],[-1.41142386629592,53.51368074499354],[-1.4169925293095453,53.5112778674366],[-1.4210894742409983,53.51034341505334],[-1.4263797041039423,53.51009867752439],[-1.432067695610717,53.51087738784377],[-1.4346929224599974,53.51136686290167],[-1.4346133701312314,53.512635048278945],[-1.4360850882134037,53.514014477987565],[-1.4386307627339183,53.51910946836294],[-1.4410571087612836,53.52133435498975],[-1.4458700246516312,53.52184607891391],[-1.449807864925552,53.5199771741474],[-1.447699728213251,53.52253579376822],[-1.4434039024598828,53.525428146383064],[-1.4413753180763478,53.52634034990005],[-1.4375568062955761,53.52723030455078],[-1.428925378624457,53.527119060219434],[-1.4255046284875155,53.52803126373642]]]}},{"type":"Feature","id":"E05000996","properties":{"WD13CD":"E05000996","WD13CDO":"00CCGW","WD13NM":"Worsbrough","WD13NMW":null},"geometry":{"type":"Polygon","coordinates":[[[-1.4845722325963275,53.51971018775218],[-1.4822652150621114,53.52106736859453],[-1.4821061104045792,53.52353699275028],[-1.4810321539662372,53.52344799728521],[-1.4826629767059418,53.52371498368043],[-1.4816287964319828,53.52482742699383],[-1.4815094679388336,53.52553939071441],[-1.4835380523223687,53.52607336350484],[-1.4822652150621114,53.526718580626614],[-1.4833789476648365,53.526674082894075],[-1.4834187238292196,53.52723030455078],[-1.4844131279387955,53.52743054434719],[-1.4860439506785,53.527052313620636],[-1.4866405931442457,53.527586286411065],[-1.4874758925962894,53.52751953981226],[-1.4896635816373565,53.52823150353284],[-1.4934423172537452,53.52852073879432],[-1.4945958260208534,53.52903246271849],[-1.4952322446509818,53.52883222292208],[-1.4992496372536688,53.53185806873453],[-1.4976585906783473,53.53310400524554],[-1.498295009308476,53.53359348030344],[-1.496107320267409,53.53579611806397],[-1.496345977253707,53.53648583291828],[-1.495311796979748,53.538021004690776],[-1.4928456747879997,53.539711918527146],[-1.4916126136921255,53.540156895852505],[-1.4910159712263797,53.53920019460298],[-1.488907834514079,53.539845411724755],[-1.487197459445608,53.53962292306207],[-1.4855268605415206,53.539066701405375],[-1.4839358139661991,53.53804325355704],[-1.4831402906785383,53.539845411724755],[-1.480793496979939,53.53891095934149],[-1.4795604358840648,53.53980091399222],[-1.4785262556101058,53.539845411724755],[-1.4774125230073807,53.539289190068054],[-1.477690956158062,53.538777466143884],[-1.475662371774527,53.53828799108599],[-1.47570214793891,53.53866622181255],[-1.4751055054731645,53.53908895027164],[-1.4740713251992055,53.539066701405375],[-1.4738724443772901,53.54040163338146],[-1.472599607117033,53.54055737544533],[-1.472480278623884,53.541714316491266],[-1.4716847553362231,53.54195905402022],[-1.4700937087609016,53.54195905402022],[-1.4689401999937934,53.54104685050323],[-1.4681844528705157,53.54133608576471],[-1.4671502725965568,53.54053512657906],[-1.4665934062951942,53.54060187317786],[-1.4659967638294487,53.53955617646327],[-1.464167060267829,53.53942268326566],[-1.4599507868432269,53.5374425341678],[-1.4599110106788438,53.53804325355704],[-1.4592745920487151,53.53797650695824],[-1.4590757112268,53.5389777059403],[-1.4536263767063238,53.53839923541733],[-1.4534672720487916,53.536953059109905],[-1.4523535394460665,53.53550688280249],[-1.4515580161584056,53.53568487373263],[-1.449807864925552,53.5345946792855],[-1.4490123416378913,53.53492841227952],[-1.4482168183502304,53.5346614258843],[-1.4479383851995493,53.53492841227952],[-1.4471030857475053,53.53492841227952],[-1.4470633095831225,53.53441668835535],[-1.4457904723228652,53.534394439489084],[-1.4431254693092015,53.534950661145785],[-1.4424094983503069,53.538021004690776],[-1.4406593471174531,53.537865262626894],[-1.439346733692813,53.53920019460298],[-1.4379943441037897,53.53973416739341],[-1.43524978876136,53.54026814018385],[-1.434215608487401,53.53980091399222],[-1.432067695610717,53.53951167873073],[-1.432187024103866,53.539155696870445],[-1.4313517246518221,53.538688470678814],[-1.4309937391723748,53.53882196387642],[-1.4288060501313078,53.53710880117379],[-1.4280900791724132,53.535862864662775],[-1.425942166295729,53.53470592361683],[-1.4235555964327467,53.53452793268669],[-1.4222429830081065,53.53290376544913],[-1.4220838783505743,53.53107935841515],[-1.4237147010902789,53.52934394684624],[-1.4234362679395975,53.52921045364863],[-1.4255046284875155,53.52803126373642],[-1.428925378624457,53.527119060219434],[-1.4375568062955761,53.52723030455078],[-1.4413753180763478,53.52634034990005],[-1.4434039024598828,53.525428146383064],[-1.447699728213251,53.52253579376822],[-1.449807864925552,53.5199771741474],[-1.4515977923227887,53.51701807493375],[-1.4534672720487916,53.51494893037082],[-1.4555356325967095,53.513413758598325],[-1.4568482460213499,53.51290203467416],[-1.4614622810897822,53.511411360634206],[-1.4634113131445512,53.513791989324886],[-1.4631328799938699,53.51443720644666],[-1.4645648219116594,53.51541615656245],[-1.467309377254089,53.51477093944068],[-1.4716052030074571,53.51450395304546],[-1.4724007262951178,53.51603912481796],[-1.4750259531443983,53.51786353185194],[-1.4751055054731645,53.517529798857915],[-1.4773727468429976,53.51695132833495],[-1.4796399882128308,53.51595012935289],[-1.4803161830073426,53.51617261801557],[-1.4813901394456845,53.51764104318926],[-1.481907229582664,53.517396305660306],[-1.4816685725963659,53.51777453638686],[-1.4826232005415587,53.51833075804356],[-1.4822652150621114,53.51873123763639],[-1.4829414098566231,53.51962119228711],[-1.4845722325963275,53.51971018775218]]]}}]}